-- MySQL dump 10.13  Distrib 8.0.36, for Win64 (x86_64)
--
-- Host: localhost    Database: solymar
-- ------------------------------------------------------
-- Server version	8.0.36

/*!40101 SET @OLD_CHARACTER_SET_CLIENT=@@CHARACTER_SET_CLIENT */;
/*!40101 SET @OLD_CHARACTER_SET_RESULTS=@@CHARACTER_SET_RESULTS */;
/*!40101 SET @OLD_COLLATION_CONNECTION=@@COLLATION_CONNECTION */;
/*!50503 SET NAMES utf8mb4 */;
/*!40103 SET @OLD_TIME_ZONE=@@TIME_ZONE */;
/*!40103 SET TIME_ZONE='+00:00' */;
/*!40014 SET @OLD_UNIQUE_CHECKS=@@UNIQUE_CHECKS, UNIQUE_CHECKS=0 */;
/*!40014 SET @OLD_FOREIGN_KEY_CHECKS=@@FOREIGN_KEY_CHECKS, FOREIGN_KEY_CHECKS=0 */;
/*!40101 SET @OLD_SQL_MODE=@@SQL_MODE, SQL_MODE='NO_AUTO_VALUE_ON_ZERO' */;
/*!40111 SET @OLD_SQL_NOTES=@@SQL_NOTES, SQL_NOTES=0 */;

--
-- Table structure for table `_prisma_migrations`
--

DROP TABLE IF EXISTS `_prisma_migrations`;
/*!40101 SET @saved_cs_client     = @@character_set_client */;
/*!50503 SET character_set_client = utf8mb4 */;
CREATE TABLE `_prisma_migrations` (
  `id` varchar(36) CHARACTER SET utf8mb4 COLLATE utf8mb4_unicode_ci NOT NULL,
  `checksum` varchar(64) CHARACTER SET utf8mb4 COLLATE utf8mb4_unicode_ci NOT NULL,
  `finished_at` datetime(3) DEFAULT NULL,
  `migration_name` varchar(255) CHARACTER SET utf8mb4 COLLATE utf8mb4_unicode_ci NOT NULL,
  `logs` text CHARACTER SET utf8mb4 COLLATE utf8mb4_unicode_ci,
  `rolled_back_at` datetime(3) DEFAULT NULL,
  `started_at` datetime(3) NOT NULL DEFAULT CURRENT_TIMESTAMP(3),
  `applied_steps_count` int unsigned NOT NULL DEFAULT '0',
  PRIMARY KEY (`id`)
) ENGINE=InnoDB DEFAULT CHARSET=utf8mb4 COLLATE=utf8mb4_unicode_ci;
/*!40101 SET character_set_client = @saved_cs_client */;

--
-- Dumping data for table `_prisma_migrations`
--

LOCK TABLES `_prisma_migrations` WRITE;
/*!40000 ALTER TABLE `_prisma_migrations` DISABLE KEYS */;
INSERT INTO `_prisma_migrations` VALUES ('08a8edcf-f933-400e-988d-d9d7a22ef11e','a25d657cc3e39b7fecdd72e21298f0c4e9a452a96520ab270d1b109c60b8bfe1','2024-11-07 04:03:05.202','20241106165640_add_cart_model',NULL,NULL,'2024-11-07 04:03:04.309',1),('2db08076-bd43-4f61-bbb9-7d47703cc863','15ef1f68f41ebe6cf6b714d31797ea630dd51df973d35a649b5084fb3a600be8',NULL,'20241114222143_create_orders_tables','A migration failed to apply. New migrations cannot be applied before the error is recovered from. Read more about how to resolve migration issues in a production database: https://pris.ly/d/migrate-resolve\n\nMigration name: 20241114222143_create_orders_tables\n\nDatabase error code: 1050\n\nDatabase error:\nTable \'user\' already exists\n\nPlease check the query number 1 from the migration file.\n\n   0: sql_schema_connector::apply_migration::apply_script\n           with migration_name=\"20241114222143_create_orders_tables\"\n             at schema-engine\\connectors\\sql-schema-connector\\src\\apply_migration.rs:106\n   1: schema_core::commands::apply_migrations::Applying migration\n           with migration_name=\"20241114222143_create_orders_tables\"\n             at schema-engine\\core\\src\\commands\\apply_migrations.rs:91\n   2: schema_core::state::ApplyMigrations\n             at schema-engine\\core\\src\\state.rs:226',NULL,'2024-11-29 15:57:47.122',0),('832e180b-d64f-4596-ac33-6c6b86fb26fa','8fdfb260372855dfeff38e3594b244f0f3dd92c12eca410f37800ecf67a3746e','2024-11-07 04:04:20.174','20241107040419_init',NULL,NULL,'2024-11-07 04:04:19.436',1);
/*!40000 ALTER TABLE `_prisma_migrations` ENABLE KEYS */;
UNLOCK TABLES;

--
-- Table structure for table `cart`
--

DROP TABLE IF EXISTS `cart`;
/*!40101 SET @saved_cs_client     = @@character_set_client */;
/*!50503 SET character_set_client = utf8mb4 */;
CREATE TABLE `cart` (
  `id` varchar(191) CHARACTER SET utf8mb4 COLLATE utf8mb4_unicode_ci NOT NULL,
  `createdAt` datetime(3) NOT NULL DEFAULT CURRENT_TIMESTAMP(3),
  `updatedAt` datetime(3) NOT NULL,
  `userId` varchar(191) CHARACTER SET utf8mb4 COLLATE utf8mb4_unicode_ci NOT NULL,
  PRIMARY KEY (`id`),
  UNIQUE KEY `Cart_userId_key` (`userId`),
  CONSTRAINT `Cart_userId_fkey` FOREIGN KEY (`userId`) REFERENCES `user` (`id`) ON DELETE RESTRICT ON UPDATE CASCADE
) ENGINE=InnoDB DEFAULT CHARSET=utf8mb4 COLLATE=utf8mb4_unicode_ci;
/*!40101 SET character_set_client = @saved_cs_client */;

--
-- Dumping data for table `cart`
--

LOCK TABLES `cart` WRITE;
/*!40000 ALTER TABLE `cart` DISABLE KEYS */;
INSERT INTO `cart` VALUES ('cm36tnjpf0001r2gs8d69fktb','2024-11-07 04:42:41.664','2024-11-07 04:42:41.664','cm36tnjpd0000r2gsn9heqmye'),('cm36u4ept0003r2gszlnvlbo8','2024-11-07 04:55:48.353','2024-11-07 04:55:48.353','cm36u4ept0002r2gsvuhbdcno'),('cm37oh3tf0001gjttlqy6gu06','2024-11-07 19:05:29.233','2024-11-07 19:05:29.233','cm37oh3te0000gjttb5itku7t'),('cm37us7sg000188iznuou1f0j','2024-11-07 22:02:05.296','2024-11-07 22:02:05.296','cm37us7sg000088izktlvv5hl'),('cm37vd4va000388iz5faldv7a','2024-11-07 22:18:21.287','2024-11-27 22:24:35.015','cm37vd4va000288izk8d1el1w'),('cm37yyv1g0001qsyh9ddq6b6r','2024-11-07 23:59:13.828','2024-11-07 23:59:13.828','cm37yyv1g0000qsyhq8xu8u1t'),('cm37z24ch0003qsyhoffeu4dz','2024-11-08 00:01:45.857','2024-11-22 00:17:09.025','cm37z24cg0002qsyhwoqhaioa'),('cm382x5kf0001wksfissfsgl0','2024-11-08 01:49:52.623','2024-11-08 01:49:52.623','cm382x5kf0000wksf9bf7c7oa'),('cm3845krk0001y0sc6s4nmxv6','2024-11-08 02:24:25.184','2024-11-08 02:24:25.184','cm3845krk0000y0scgkc9st34'),('cm386qfyh000by0scknzezf5x','2024-11-08 03:36:37.961','2024-11-08 03:36:37.961','cm386qfyh000ay0scq2c4oaoo'),('cm3hrvfvy00037umaeizkflrs','2024-11-14 20:38:18.671','2024-11-15 03:11:47.410','cm3hrvfvy00027uma39bla1yu'),('cm3s36mr3000mz9wn70eyhed3','2024-11-22 01:52:38.319','2024-11-29 20:27:12.355','cm3s36mr3000lz9wngtidwie7');
/*!40000 ALTER TABLE `cart` ENABLE KEYS */;
UNLOCK TABLES;

--
-- Table structure for table `cartitem`
--

DROP TABLE IF EXISTS `cartitem`;
/*!40101 SET @saved_cs_client     = @@character_set_client */;
/*!50503 SET character_set_client = utf8mb4 */;
CREATE TABLE `cartitem` (
  `id` varchar(191) CHARACTER SET utf8mb4 COLLATE utf8mb4_unicode_ci NOT NULL,
  `cartId` varchar(191) CHARACTER SET utf8mb4 COLLATE utf8mb4_unicode_ci NOT NULL,
  `productId` varchar(191) CHARACTER SET utf8mb4 COLLATE utf8mb4_unicode_ci NOT NULL,
  `quantity` int NOT NULL,
  `createdAt` datetime(3) NOT NULL DEFAULT CURRENT_TIMESTAMP(3),
  `updatedAt` datetime(3) NOT NULL,
  PRIMARY KEY (`id`),
  KEY `CartItem_cartId_fkey` (`cartId`),
  KEY `CartItem_productId_fkey` (`productId`),
  CONSTRAINT `CartItem_cartId_fkey` FOREIGN KEY (`cartId`) REFERENCES `cart` (`id`) ON DELETE RESTRICT ON UPDATE CASCADE,
  CONSTRAINT `CartItem_productId_fkey` FOREIGN KEY (`productId`) REFERENCES `product` (`id`) ON DELETE RESTRICT ON UPDATE CASCADE
) ENGINE=InnoDB DEFAULT CHARSET=utf8mb4 COLLATE=utf8mb4_unicode_ci;
/*!40101 SET character_set_client = @saved_cs_client */;

--
-- Dumping data for table `cartitem`
--

LOCK TABLES `cartitem` WRITE;
/*!40000 ALTER TABLE `cartitem` DISABLE KEYS */;
INSERT INTO `cartitem` VALUES ('cm386tng3000dy0sc7mi42eg1','cm386qfyh000by0scknzezf5x','97f6057e-9d48-11ef-a1b8-fc3497c3e354',1,'2024-11-08 03:39:07.636','2024-11-08 04:11:03.970'),('cm387yh06001xy0scy7qkrvw3','cm386qfyh000by0scknzezf5x','bbf10ebc-9d86-11ef-a1b8-fc3497c3e354',1,'2024-11-08 04:10:52.183','2024-11-08 04:11:19.893'),('cm387yhjb001zy0scsc1nvjgi','cm386qfyh000by0scknzezf5x','b01dc704-9d86-11ef-a1b8-fc3497c3e354',1,'2024-11-08 04:10:52.871','2024-11-08 04:11:19.229'),('cm387yi1i0021y0scel078y1i','cm386qfyh000by0scknzezf5x','c1f96896-9d85-11ef-a1b8-fc3497c3e354',1,'2024-11-08 04:10:53.527','2024-11-08 04:11:18.808'),('cm387yj9q0023y0sc6sam6b8j','cm386qfyh000by0scknzezf5x','564675c0-9d85-11ef-a1b8-fc3497c3e354',1,'2024-11-08 04:10:55.118','2024-11-08 04:11:18.269'),('cm387yjvy0025y0scmpcrd6l2','cm386qfyh000by0scknzezf5x','62eaa0ed-9d85-11ef-a1b8-fc3497c3e354',1,'2024-11-08 04:10:55.919','2024-11-08 04:11:17.199'),('cm3i60c2n0005azjgwz67bke1','cm3hrvfvy00037umaeizkflrs','62eaa0ed-9d85-11ef-a1b8-fc3497c3e354',1,'2024-11-15 03:14:01.631','2024-11-15 03:14:01.631'),('cm3s9ra95000390kkxetmn2sz','cm37z24ch0003qsyhoffeu4dz','97f6057e-9d48-11ef-a1b8-fc3497c3e354',1,'2024-11-22 04:56:39.593','2024-11-22 04:56:39.593'),('cm3t2ycqc0001g6q053dr5g0l','cm37z24ch0003qsyhoffeu4dz','bbf10ebc-9d86-11ef-a1b8-fc3497c3e354',1,'2024-11-22 18:33:58.258','2024-11-22 18:33:58.258');
/*!40000 ALTER TABLE `cartitem` ENABLE KEYS */;
UNLOCK TABLES;

--
-- Table structure for table `category`
--

DROP TABLE IF EXISTS `category`;
/*!40101 SET @saved_cs_client     = @@character_set_client */;
/*!50503 SET character_set_client = utf8mb4 */;
CREATE TABLE `category` (
  `id` varchar(191) COLLATE utf8mb4_unicode_ci NOT NULL,
  `name` varchar(191) COLLATE utf8mb4_unicode_ci NOT NULL,
  `createdAt` datetime(3) NOT NULL DEFAULT CURRENT_TIMESTAMP(3),
  `updatedAt` datetime(3) NOT NULL,
  `level` int NOT NULL DEFAULT '1',
  `parentId` varchar(191) COLLATE utf8mb4_unicode_ci DEFAULT NULL,
  `slug` varchar(191) COLLATE utf8mb4_unicode_ci DEFAULT NULL,
  PRIMARY KEY (`id`),
  UNIQUE KEY `Category_name_key` (`name`),
  UNIQUE KEY `Category_slug_key` (`slug`),
  KEY `Category_parentId_fkey` (`parentId`),
  CONSTRAINT `Category_parentId_fkey` FOREIGN KEY (`parentId`) REFERENCES `category` (`id`) ON DELETE SET NULL ON UPDATE CASCADE
) ENGINE=InnoDB DEFAULT CHARSET=utf8mb4 COLLATE=utf8mb4_unicode_ci;
/*!40101 SET character_set_client = @saved_cs_client */;

--
-- Dumping data for table `category`
--

LOCK TABLES `category` WRITE;
/*!40000 ALTER TABLE `category` DISABLE KEYS */;
INSERT INTO `category` VALUES ('cm3zan8p30001jk22jp6y1aon','Herramientas','2024-11-27 02:55:53.793','2024-11-27 02:55:53.793',1,NULL,'herramientas'),('cm3zanxye0003jk22i55corrw','Eléctricas','2024-11-27 02:56:26.534','2024-11-27 02:56:26.534',2,'cm3zan8p30001jk22jp6y1aon','el-ctricas'),('cm3zaognt0005jk224eapa6n3','Manuales','2024-11-27 02:56:50.777','2024-11-27 02:56:50.777',2,'cm3zan8p30001jk22jp6y1aon','manuales'),('cm3zap35w0007jk22px3eeu02','Celulares y Teléfonos','2024-11-27 02:57:19.940','2024-11-27 02:57:19.940',1,NULL,'celulares-y-tel-fonos'),('cm3zapm680009jk22lljq8l45','Celulares y SmartPhones','2024-11-27 02:57:44.576','2024-11-27 02:57:44.576',2,'cm3zap35w0007jk22px3eeu02','celulares-y-smartphones'),('cm3zapy22000bjk22jb4w5ext','Smartwatches y Accesorios','2024-11-27 02:57:59.978','2024-11-27 02:57:59.978',2,'cm3zap35w0007jk22px3eeu02','smartwatches-y-accesorios'),('cm3zz246p0001dahddkrl3vxo','Computación','2024-11-27 14:19:18.574','2024-11-27 14:19:18.574',1,NULL,'computaci-n'),('cm3zz2gf60003dahd6uucln88','Monitores y Accesorios','2024-11-27 14:19:34.434','2024-11-27 14:19:34.434',2,'cm3zz246p0001dahddkrl3vxo','monitores-y-accesorios'),('cm41upbjn000113luspxyt060','Electrónica, Audio y Video','2024-11-28 21:52:55.475','2024-11-28 21:52:55.475',1,NULL,'electr-nica-audio-y-video');
/*!40000 ALTER TABLE `category` ENABLE KEYS */;
UNLOCK TABLES;

--
-- Table structure for table `orderitem`
--

DROP TABLE IF EXISTS `orderitem`;
/*!40101 SET @saved_cs_client     = @@character_set_client */;
/*!50503 SET character_set_client = utf8mb4 */;
CREATE TABLE `orderitem` (
  `id` varchar(191) CHARACTER SET utf8mb4 COLLATE utf8mb4_unicode_ci NOT NULL,
  `orderId` varchar(191) CHARACTER SET utf8mb4 COLLATE utf8mb4_unicode_ci NOT NULL,
  `productId` varchar(191) CHARACTER SET utf8mb4 COLLATE utf8mb4_unicode_ci NOT NULL,
  `quantity` int NOT NULL,
  `price` decimal(10,2) NOT NULL,
  PRIMARY KEY (`id`),
  KEY `OrderItem_orderId_idx` (`orderId`),
  KEY `OrderItem_productId_idx` (`productId`),
  CONSTRAINT `OrderItem_orderId_fkey` FOREIGN KEY (`orderId`) REFERENCES `orders` (`id`) ON DELETE RESTRICT ON UPDATE CASCADE,
  CONSTRAINT `OrderItem_productId_fkey` FOREIGN KEY (`productId`) REFERENCES `product` (`id`) ON DELETE RESTRICT ON UPDATE CASCADE
) ENGINE=InnoDB DEFAULT CHARSET=utf8mb4 COLLATE=utf8mb4_unicode_ci;
/*!40101 SET character_set_client = @saved_cs_client */;

--
-- Dumping data for table `orderitem`
--

LOCK TABLES `orderitem` WRITE;
/*!40000 ALTER TABLE `orderitem` DISABLE KEYS */;
INSERT INTO `orderitem` VALUES ('cm3ov0m37002knyhbwkkrto12','cm3ov0m37002inyhbrdfksu2e','cb112c72-9d86-11ef-a1b8-fc3497c3e354',1,301000.00),('cm3pdjh640004rllqtr65jaoh','cm3pdjh640002rllqtdkirx3v','cb112c72-9d86-11ef-a1b8-fc3497c3e354',1,301000.00),('cm3pdocbg000drllqkdsasi2q','cm3pdocbg000brllqb9souj33','62eaa0ed-9d85-11ef-a1b8-fc3497c3e354',1,59619.00),('cm3pyxezg00067amw1l5mlej2','cm3pyxezg00047amw8tuygvju','d62b0590-9d86-11ef-a1b8-fc3497c3e354',1,99000.00),('cm3pzf2nc000f7amw23q4a60g','cm3pzf2nc000d7amw1ynxjwkn','bbf10ebc-9d86-11ef-a1b8-fc3497c3e354',1,242000.00),('cm3pzs9ru000o7amwuntmpwzv','cm3pzs9ru000m7amwzlfy6lym','97f6057e-9d48-11ef-a1b8-fc3497c3e354',1,219000.00),('cm3pzyw3c000x7amw1ju2xrww','cm3pzyw3c000v7amwcelletyp','cb112c72-9d86-11ef-a1b8-fc3497c3e354',1,301000.00),('cm3q1t3oi00167amw35dbn8bu','cm3q1t3oi00147amwvoez7vay','cb112c72-9d86-11ef-a1b8-fc3497c3e354',2,301000.00),('cm3q1t3oi00177amweuhfy8e1','cm3q1t3oi00147amwvoez7vay','d62b0590-9d86-11ef-a1b8-fc3497c3e354',2,99000.00),('cm3rz1gj20004z9wn3iuu9tvk','cm3rz1gj20002z9wnv5cwf3qa','d62b0590-9d86-11ef-a1b8-fc3497c3e354',1,99000.00),('cm3s2kcgi000iz9wnr2ksy3x4','cm3s2kcgi000gz9wnqk46j3fg','d62b0590-9d86-11ef-a1b8-fc3497c3e354',1,99000.00),('cm3xcsaha00066rwkxnfeeyce','cm3xcsaha00046rwkrc6sn7wk','bbf10ebc-9d86-11ef-a1b8-fc3497c3e354',1,242000.00),('cm3xcws7o000f6rwkmma0pwce','cm3xcws7o000d6rwklp7d3qnj','cm3t504jn0008kiybhnfs8jb4',1,54619.00),('cm3xd6409000o6rwk02oallb2','cm3xd6409000m6rwknxnn9j7l','cm3t504jn0008kiybhnfs8jb4',1,54619.00),('cm3xdkf8j000x6rwkeelremsk','cm3xdkf8j000v6rwkwyrchiuz','cm3t504jn0008kiybhnfs8jb4',1,54619.00),('cm3xdrz0g00166rwk1jqi6tu7','cm3xdrz0g00146rwkq2v9jpf1','cm3t504jn0008kiybhnfs8jb4',1,54619.00),('cm3xe01do001f6rwk3z2f3425','cm3xe01do001d6rwkk2726eze','cm3t504jn0008kiybhnfs8jb4',1,54619.00),('cm3xeagaw001o6rwkp3hkbalw','cm3xeagaw001m6rwk4439f71r','cm3t504jn0008kiybhnfs8jb4',1,54619.00),('cm3xg842j00246rwkj5hdju4k','cm3xg842i00226rwku1z6ol7j','cm3t504jn0008kiybhnfs8jb4',5,54619.00),('cm3xghfbd002g6rwk2x09qtu8','cm3xghfbd002e6rwkka1o6itk','cb112c72-9d86-11ef-a1b8-fc3497c3e354',2,301000.00),('cm3xgpubw002s6rwkuzrzw8fu','cm3xgpubw002q6rwksf3067yg','e3ef2e60-9d86-11ef-a1b8-fc3497c3e354',3,92990.00),('cm40gijx50012l6l3k6s3kfit','cm40gijx50010l6l35f4fp352','e3ef2e60-9d86-11ef-a1b8-fc3497c3e354',1,92990.00),('cm40h5c24001dl6l31ykruzg7','cm40h5c24001bl6l310mo6jml','62eaa0ed-9d85-11ef-a1b8-fc3497c3e354',1,59619.00),('cm40hfa4t001kl6l32o83kps3','cm40hfa4t001il6l30wsyu27o','62eaa0ed-9d85-11ef-a1b8-fc3497c3e354',1,59619.00),('cm40hi4xy001wl6l3sbt9qqta','cm40hi4xy001ul6l35wj0rwt5','62eaa0ed-9d85-11ef-a1b8-fc3497c3e354',1,59619.00),('cm40hr9hx0023l6l3e1cepy76','cm40hr9hx0021l6l39ljg2ag9','62eaa0ed-9d85-11ef-a1b8-fc3497c3e354',1,59619.00),('cm40hulqb002al6l300ms7cjf','cm40hulqb0028l6l36iq0j40u','62eaa0ed-9d85-11ef-a1b8-fc3497c3e354',1,59619.00),('cm40hxkod002hl6l3hdibst03','cm40hxkod002fl6l30r5i11kq','62eaa0ed-9d85-11ef-a1b8-fc3497c3e354',1,59619.00),('cm40ia6gd002sl6l3o28gujx1','cm40ia6gd002ql6l3czhimzi3','62eaa0ed-9d85-11ef-a1b8-fc3497c3e354',1,59619.00),('cm40ifupo0004y9tehk7pgwby','cm40ifupo0002y9tek7hr62z9','62eaa0ed-9d85-11ef-a1b8-fc3497c3e354',1,59619.00),('cm40ikdsi0004mx3pr3afimw1','cm40ikdsi0002mx3pn9eu4hm2','62eaa0ed-9d85-11ef-a1b8-fc3497c3e354',1,59619.00),('cm40iqxts00041002s3ietbwy','cm40iqxts00021002nzthjru5','62eaa0ed-9d85-11ef-a1b8-fc3497c3e354',1,59619.00),('cm40iwyi2000c1002zzcnd1rz','cm40iwyi2000a1002ifrkzem7','62eaa0ed-9d85-11ef-a1b8-fc3497c3e354',1,59619.00),('cm40j22xm0004rml6ho3cjafh','cm40j22xm0002rml6g9v2cgnh','62eaa0ed-9d85-11ef-a1b8-fc3497c3e354',1,59619.00),('cm40j7kel0004zsf05uk37f8r','cm40j7kel0002zsf0nevw3t2k','62eaa0ed-9d85-11ef-a1b8-fc3497c3e354',1,59619.00),('cm40jbjtv0004xyada78duip3','cm40jbjtu0002xyad816s1g33','62eaa0ed-9d85-11ef-a1b8-fc3497c3e354',1,59619.00),('cm40jfr450004bvzer26wa947','cm40jfr450002bvzee01t28kg','62eaa0ed-9d85-11ef-a1b8-fc3497c3e354',1,59619.00),('cm40jiz370004ifourfxwtnj8','cm40jiz370002ifouhhbsfd8e','62eaa0ed-9d85-11ef-a1b8-fc3497c3e354',1,59619.00),('cm40jrgtg000hifoux0gnn1ww','cm40jrgtg000fifoudmzvqowb','b01dc704-9d86-11ef-a1b8-fc3497c3e354',1,166961.00),('cm41ec3rt0006er7b5s0h9j3h','cm41ec3rs0004er7bs9l9ro2b','c1f96896-9d85-11ef-a1b8-fc3497c3e354',1,104990.00),('cm41fggh0000jer7bobzrzwqr','cm41fgggz000her7bkxkmewfc','d62b0590-9d86-11ef-a1b8-fc3497c3e354',1,99000.00),('cm41ftor5000wer7bmecxfpig','cm41ftor5000uer7bm28svifb','564675c0-9d85-11ef-a1b8-fc3497c3e354',1,180999.00),('cm41g3um6001ber7bx9tl6q0q','cm41g3um60019er7brocchc3f','564675c0-9d85-11ef-a1b8-fc3497c3e354',1,180999.00),('cm41go5xw001ser7boldqebh1','cm41go5xv001qer7bkqnz1dkm','b01dc704-9d86-11ef-a1b8-fc3497c3e354',1,166961.00),('cm41gzn8q0025er7bsqgunhzf','cm41gzn8q0023er7bkbj56mzp','cm3t504jn0008kiybhnfs8jb4',1,54619.00),('cm43528rm000898tz234m580y','cm43528rm000698tz160qk04c','e3ef2e60-9d86-11ef-a1b8-fc3497c3e354',1,92990.00),('cm435akav000f98tzb8khsxzq','cm435akav000d98tz6svx6lax','e3ef2e60-9d86-11ef-a1b8-fc3497c3e354',1,92990.00);
/*!40000 ALTER TABLE `orderitem` ENABLE KEYS */;
UNLOCK TABLES;

--
-- Table structure for table `orders`
--

DROP TABLE IF EXISTS `orders`;
/*!40101 SET @saved_cs_client     = @@character_set_client */;
/*!50503 SET character_set_client = utf8mb4 */;
CREATE TABLE `orders` (
  `id` varchar(191) CHARACTER SET utf8mb4 COLLATE utf8mb4_unicode_ci NOT NULL,
  `userId` varchar(191) CHARACTER SET utf8mb4 COLLATE utf8mb4_unicode_ci NOT NULL,
  `status` varchar(191) CHARACTER SET utf8mb4 COLLATE utf8mb4_unicode_ci NOT NULL,
  `paymentId` varchar(191) CHARACTER SET utf8mb4 COLLATE utf8mb4_unicode_ci DEFAULT NULL,
  `total` decimal(10,2) NOT NULL,
  `installments` int NOT NULL DEFAULT '1',
  `paymentMethod` varchar(191) CHARACTER SET utf8mb4 COLLATE utf8mb4_unicode_ci DEFAULT NULL,
  `createdAt` datetime(3) NOT NULL DEFAULT CURRENT_TIMESTAMP(3),
  `updatedAt` datetime(3) NOT NULL,
  PRIMARY KEY (`id`),
  KEY `Orders_userId_fkey` (`userId`),
  CONSTRAINT `Orders_userId_fkey` FOREIGN KEY (`userId`) REFERENCES `user` (`id`) ON DELETE RESTRICT ON UPDATE CASCADE
) ENGINE=InnoDB DEFAULT CHARSET=utf8mb4 COLLATE=utf8mb4_unicode_ci;
/*!40101 SET character_set_client = @saved_cs_client */;

--
-- Dumping data for table `orders`
--

LOCK TABLES `orders` WRITE;
/*!40000 ALTER TABLE `orders` DISABLE KEYS */;
INSERT INTO `orders` VALUES ('cm3ov0m37002inyhbrdfksu2e','cm37z24cg0002qsyhwoqhaioa','approved','1320322250',301000.00,6,'amex','2024-11-19 19:40:42.066','2024-11-19 19:40:42.066'),('cm3pdjh640002rllqtdkirx3v','cm37z24cg0002qsyhwoqhaioa','approved','1328334909',301000.00,1,'master','2024-11-20 04:19:15.243','2024-11-20 04:19:15.243'),('cm3pdocbg000brllqb9souj33','cm37z24cg0002qsyhwoqhaioa','approved','1320328116',59619.00,1,'debmaster','2024-11-20 04:23:02.235','2024-11-20 04:23:02.235'),('cm3pyxezg00047amw8tuygvju','cm37z24cg0002qsyhwoqhaioa','approved','1328348383',99000.00,1,'pagofacil','2024-11-20 14:17:57.531','2024-11-20 14:30:38.862'),('cm3pzf2nc000d7amw1ynxjwkn','cm37z24cg0002qsyhwoqhaioa','pending','1328350481',242000.00,1,'rapipago','2024-11-20 14:31:41.350','2024-11-20 14:31:41.350'),('cm3pzs9ru000m7amwzlfy6lym','cm37z24cg0002qsyhwoqhaioa','pending','1328348787',219000.00,1,'pagofacil','2024-11-20 14:41:57.112','2024-11-20 14:41:57.112'),('cm3pzyw3c000v7amwcelletyp','cm37z24cg0002qsyhwoqhaioa','approved','1328350673',301000.00,1,'rapipago','2024-11-20 14:47:05.975','2024-11-20 15:15:11.981'),('cm3q1t3oi00147amwvoez7vay','cm37z24cg0002qsyhwoqhaioa','pending','1328356061',800000.00,1,'pagofacil','2024-11-20 15:38:35.105','2024-11-25 16:38:32.075'),('cm3rz1gj20002z9wnv5cwf3qa','cm37z24cg0002qsyhwoqhaioa','pending','1328437199',99000.00,1,'rapipago','2024-11-21 23:56:38.509','2024-11-21 23:56:38.509'),('cm3s2kcgi000gz9wnqk46j3fg','cm37vd4va000288izk8d1el1w','pending','1328438461',99000.00,1,'rapipago','2024-11-22 01:35:18.545','2024-11-25 17:27:27.538'),('cm3xcsaha00046rwkrc6sn7wk','cm3s36mr3000lz9wngtidwie7','approved','1320377922',242000.00,1,'master','2024-11-25 18:20:16.267','2024-11-25 18:20:16.267'),('cm3xcws7o000d6rwklp7d3qnj','cm3s36mr3000lz9wngtidwie7','approved','1320376816',54619.00,6,'master','2024-11-25 18:23:45.875','2024-11-25 18:23:45.875'),('cm3xd6409000m6rwknxnn9j7l','cm3s36mr3000lz9wngtidwie7','approved','1328472029',54619.00,1,'master','2024-11-25 18:31:01.064','2024-11-25 18:31:01.064'),('cm3xdkf8j000v6rwkwyrchiuz','cm3s36mr3000lz9wngtidwie7','approved','1328472327',54619.00,1,'master','2024-11-25 18:42:08.802','2024-11-25 18:42:08.802'),('cm3xdrz0g00146rwkq2v9jpf1','cm3s36mr3000lz9wngtidwie7','approved','1328472479',54619.00,2,'master','2024-11-25 18:48:01.023','2024-11-25 18:48:01.023'),('cm3xe01do001d6rwkk2726eze','cm3s36mr3000lz9wngtidwie7','approved','1328472643',54619.00,1,'master','2024-11-25 18:54:17.340','2024-11-25 18:54:17.340'),('cm3xeagaw001m6rwk4439f71r','cm3s36mr3000lz9wngtidwie7','approved','1328474293',54619.00,2,'master','2024-11-25 19:02:23.240','2024-11-25 19:02:24.689'),('cm3xg842i00226rwku1z6ol7j','cm3s36mr3000lz9wngtidwie7','approved','1328475451',273095.00,6,'master','2024-11-25 19:56:33.306','2024-11-25 19:56:34.608'),('cm3xghfbd002e6rwkka1o6itk','cm3s36mr3000lz9wngtidwie7','approved','1320379176',602000.00,3,'visa','2024-11-25 20:03:47.784','2024-11-25 20:03:49.168'),('cm3xgpubw002q6rwksf3067yg','cm3s36mr3000lz9wngtidwie7','approved','1328475745',278970.00,6,'master','2024-11-25 20:10:20.491','2024-11-25 20:10:22.407'),('cm40gijx50010l6l35f4fp352','cm37vd4va000288izk8d1el1w','pending','1320409592',92990.00,1,'rapipago','2024-11-27 22:27:58.933','2024-11-27 22:40:10.522'),('cm40h5c24001bl6l310mo6jml','cm37vd4va000288izk8d1el1w','approved','1320409746',59619.00,1,'debvisa','2024-11-27 22:45:41.835','2024-11-27 23:07:47.609'),('cm40hfa4t001il6l30wsyu27o','cm37vd4va000288izk8d1el1w','approved','1320411786',59619.00,1,'debmaster','2024-11-27 22:53:25.900','2024-11-27 22:53:27.578'),('cm40hi4xy001ul6l35wj0rwt5','cm37vd4va000288izk8d1el1w','pending','1320411822',59619.00,1,'pagofacil','2024-11-27 22:55:39.141','2024-11-27 22:55:39.141'),('cm40hr9hx0021l6l39ljg2ag9','cm37vd4va000288izk8d1el1w','pending','1320411886',59619.00,1,'rapipago','2024-11-27 23:02:44.948','2024-11-27 23:55:50.062'),('cm40hulqb0028l6l36iq0j40u','cm37vd4va000288izk8d1el1w','pending','1320409994',59619.00,1,'rapipago','2024-11-27 23:05:20.770','2024-11-27 23:26:02.481'),('cm40hxkod002fl6l30r5i11kq','cm37vd4va000288izk8d1el1w','pending','1320410028',59619.00,1,'rapipago','2024-11-27 23:07:39.372','2024-11-27 23:07:40.714'),('cm40ia6gd002ql6l3czhimzi3','cm37vd4va000288izk8d1el1w','pending','1320411972',59619.00,1,'rapipago','2024-11-27 23:17:27.469','2024-11-27 23:17:29.687'),('cm40ifupo0002y9tek7hr62z9','cm37vd4va000288izk8d1el1w','pending','1320412026',59619.00,1,'rapipago','2024-11-27 23:21:52.187','2024-11-27 23:21:53.784'),('cm40ikdsi0002mx3pn9eu4hm2','cm37vd4va000288izk8d1el1w','pending','1320410238',59619.00,1,'pagofacil','2024-11-27 23:25:23.537','2024-11-27 23:25:25.285'),('cm40iqxts00021002nzthjru5','cm37vd4va000288izk8d1el1w','pending','1320412106',59619.00,1,'pagofacil','2024-11-27 23:30:29.438','2024-11-27 23:30:30.654'),('cm40iwyi2000a1002ifrkzem7','cm37vd4va000288izk8d1el1w','pending','1320412198',59619.00,1,'pagofacil','2024-11-27 23:35:10.249','2024-11-27 23:35:12.197'),('cm40j22xm0002rml6g9v2cgnh','cm37vd4va000288izk8d1el1w','pending','1320412290',59619.00,1,'pagofacil','2024-11-27 23:39:09.272','2024-11-27 23:39:10.765'),('cm40j7kel0002zsf0nevw3t2k','cm37vd4va000288izk8d1el1w','pending','1320410448',59619.00,1,'pagofacil','2024-11-27 23:43:25.196','2024-11-27 23:43:26.674'),('cm40jbjtu0002xyad816s1g33','cm37vd4va000288izk8d1el1w','pending','1320412358',59619.00,1,'pagofacil','2024-11-27 23:46:31.073','2024-11-27 23:46:32.660'),('cm40jfr450002bvzee01t28kg','cm37vd4va000288izk8d1el1w','pending','1320412402',59619.00,1,'pagofacil','2024-11-27 23:49:47.140','2024-11-27 23:49:48.672'),('cm40jiz370002ifouhhbsfd8e','cm37vd4va000288izk8d1el1w','approved','1320412462',59619.00,1,'pagofacil','2024-11-27 23:52:17.441','2024-11-27 23:53:03.556'),('cm40jrgtg000fifoudmzvqowb','cm37vd4va000288izk8d1el1w','approved','1320410662',166961.00,1,'pagofacil','2024-11-27 23:58:53.667','2024-11-27 23:59:00.424'),('cm41ec3rs0004er7bs9l9ro2b','cm3s36mr3000lz9wngtidwie7','approved','1328552331',104990.00,6,'master','2024-11-28 14:14:45.014','2024-11-28 14:14:46.733'),('cm41fgggz000her7bkxkmewfc','cm3s36mr3000lz9wngtidwie7','approved','1328552899',99000.00,1,'debvisa','2024-11-28 14:46:07.715','2024-11-28 14:46:09.261'),('cm41ftor5000uer7bm28svifb','cm3s36mr3000lz9wngtidwie7','approved','1320417556',180999.00,1,'debvisa','2024-11-28 14:56:24.977','2024-11-28 15:16:03.888'),('cm41g3um60019er7brocchc3f','cm3s36mr3000lz9wngtidwie7','approved','1320417696',180999.00,1,'debvisa','2024-11-28 15:04:19.133','2024-11-28 15:04:20.494'),('cm41go5xv001qer7bkqnz1dkm','cm37vd4va000288izk8d1el1w','approved','1320417916',166961.00,6,'master','2024-11-28 15:20:06.931','2024-11-28 15:20:08.526'),('cm41gzn8q0023er7bkbj56mzp','cm3s36mr3000lz9wngtidwie7','approved','1328553489',54619.00,3,'master','2024-11-28 15:29:02.569','2024-11-28 15:29:04.128'),('cm43528rm000698tz160qk04c','cm3s36mr3000lz9wngtidwie7','approved','1328586085',92990.00,1,'debmaster','2024-11-29 19:30:40.737','2024-11-29 19:51:48.555'),('cm435akav000d98tz6svx6lax','cm3s36mr3000lz9wngtidwie7','approved','1320434320',92990.00,3,'master','2024-11-29 19:37:08.934','2024-11-29 19:37:10.764');
/*!40000 ALTER TABLE `orders` ENABLE KEYS */;
UNLOCK TABLES;

--
-- Table structure for table `paymentdetails`
--

DROP TABLE IF EXISTS `paymentdetails`;
/*!40101 SET @saved_cs_client     = @@character_set_client */;
/*!50503 SET character_set_client = utf8mb4 */;
CREATE TABLE `paymentdetails` (
  `id` varchar(191) COLLATE utf8mb4_unicode_ci NOT NULL,
  `orderId` varchar(191) COLLATE utf8mb4_unicode_ci NOT NULL,
  `paymentType` varchar(191) COLLATE utf8mb4_unicode_ci NOT NULL,
  `expirationDate` datetime(3) DEFAULT NULL,
  `paymentInstructions` json DEFAULT NULL,
  `additionalData` json DEFAULT NULL,
  `createdAt` datetime(3) NOT NULL DEFAULT CURRENT_TIMESTAMP(3),
  `updatedAt` datetime(3) NOT NULL,
  PRIMARY KEY (`id`),
  UNIQUE KEY `PaymentDetails_orderId_key` (`orderId`),
  KEY `PaymentDetails_orderId_idx` (`orderId`),
  CONSTRAINT `PaymentDetails_orderId_fkey` FOREIGN KEY (`orderId`) REFERENCES `orders` (`id`) ON DELETE RESTRICT ON UPDATE CASCADE
) ENGINE=InnoDB DEFAULT CHARSET=utf8mb4 COLLATE=utf8mb4_unicode_ci;
/*!40101 SET character_set_client = @saved_cs_client */;

--
-- Dumping data for table `paymentdetails`
--

LOCK TABLES `paymentdetails` WRITE;
/*!40000 ALTER TABLE `paymentdetails` DISABLE KEYS */;
INSERT INTO `paymentdetails` VALUES ('cm3pdjh680006rllqt2zbvk6t','cm3pdjh640002rllqtdkirx3v','master',NULL,'{\"overpaid_amount\": 0, \"total_paid_amount\": 301000, \"acquirer_reference\": null, \"installment_amount\": 301000, \"net_received_amount\": 288659, \"external_resource_url\": null, \"financial_institution\": null, \"payable_deferral_period\": null, \"payment_method_reference_id\": null}','{\"items\": [{\"id\": \"cb112c72-9d86-11ef-a1b8-fc3497c3e354\", \"title\": \"Samsung Galaxy A04\", \"quantity\": \"1\", \"unit_price\": \"301000\", \"category_id\": \"electronics\", \"description\": \"128 GB Negro 4 GB RAM\", \"picture_url\": null}], \"status_detail\": \"accredited\", \"nsu_processadora\": \"30121999\", \"available_balance\": null, \"authentication_code\": null, \"point_of_interaction\": {\"type\": \"UNSPECIFIED\", \"business_info\": {\"unit\": \"online_payments\", \"branch\": null, \"sub_unit\": \"sdk\"}}}','2024-11-20 04:19:15.243','2024-11-20 04:19:15.243'),('cm3pdocbl000frllqke0k1ozr','cm3pdocbg000brllqb9souj33','debmaster',NULL,'{\"overpaid_amount\": 0, \"total_paid_amount\": 59619, \"acquirer_reference\": null, \"installment_amount\": 59619, \"net_received_amount\": 57174.62, \"external_resource_url\": null, \"financial_institution\": null, \"payable_deferral_period\": null, \"payment_method_reference_id\": null}','{\"items\": [{\"id\": \"62eaa0ed-9d85-11ef-a1b8-fc3497c3e354\", \"title\": \"Auricular Foxbox Tws\", \"quantity\": \"1\", \"unit_price\": \"59619\", \"category_id\": \"electronics\", \"description\": \"Mood 6hrs Cancelación De Ruido Bt5.1 Color Negro\", \"picture_url\": null}], \"status_detail\": \"accredited\", \"nsu_processadora\": \"30121999\", \"available_balance\": null, \"authentication_code\": null, \"point_of_interaction\": {\"type\": \"UNSPECIFIED\", \"business_info\": {\"unit\": \"online_payments\", \"branch\": null, \"sub_unit\": \"sdk\"}}}','2024-11-20 04:23:02.235','2024-11-20 04:23:02.235'),('cm3pyxezl00087amwcdjuvvzy','cm3pyxezg00047amw8tuygvju','pagofacil','2024-12-11 02:59:59.000','{\"barcode\": {\"type\": \"Code128C\", \"width\": 1, \"height\": 30, \"content\": \"3335008800000000006005393050109900000243252071\"}, \"digitable_line\": null, \"overpaid_amount\": 0, \"total_paid_amount\": 99000, \"verification_code\": \"6005393050\", \"acquirer_reference\": \"\", \"installment_amount\": 0, \"net_received_amount\": 0, \"external_resource_url\": \"https://www.mercadopago.com.ar/sandbox/payments/1328348383/ticket?caller_id=2097398303&payment_method_id=pagofacil&payment_id=1328348383&payment_method_reference_id=6005393050&hash=27e97697-2f94-437f-b8c2-12aa45b77ea2\", \"financial_institution\": \"\", \"payable_deferral_period\": null, \"payment_method_reference_id\": \"6005393050\"}','{\"items\": [{\"id\": \"d62b0590-9d86-11ef-a1b8-fc3497c3e354\", \"title\": \"Smartwatch Fox Box\", \"quantity\": \"1\", \"unit_price\": \"99000\", \"category_id\": \"electronics\", \"description\": \"Neutron 3.0 2.04\", \"picture_url\": null}], \"status_detail\": \"pending_waiting_payment\", \"nsu_processadora\": null, \"available_balance\": null, \"authentication_code\": null, \"point_of_interaction\": {\"type\": \"UNSPECIFIED\", \"business_info\": {\"unit\": \"online_payments\", \"branch\": null, \"sub_unit\": \"sdk\"}}}','2024-11-20 14:17:57.531','2024-11-20 14:17:57.531'),('cm3pzf2nh000h7amwe7xzwn83','cm3pzf2nc000d7amw1ynxjwkn','rapipago','2024-11-28 02:59:59.000','{\"barcode\": {\"type\": \"Code128C\", \"width\": 1, \"height\": 30, \"content\": \"6002411276005020973983030060053930680242000006\"}, \"digitable_line\": null, \"overpaid_amount\": 0, \"total_paid_amount\": 242000, \"verification_code\": \"6005393068\", \"acquirer_reference\": \"\", \"installment_amount\": 0, \"net_received_amount\": 0, \"external_resource_url\": \"https://www.mercadopago.com.ar/sandbox/payments/1328350481/ticket?caller_id=2097398303&payment_method_id=rapipago&payment_id=1328350481&payment_method_reference_id=6005393068&hash=d99e0511-e1ab-4841-b551-1aa03b135063\", \"financial_institution\": \"\", \"payable_deferral_period\": null, \"payment_method_reference_id\": \"6005393068\"}','{\"items\": [{\"id\": \"bbf10ebc-9d86-11ef-a1b8-fc3497c3e354\", \"title\": \"Motorola Moto E22\", \"quantity\": \"1\", \"unit_price\": \"242000\", \"category_id\": \"electronics\", \"description\": \"64GB Negro 4GB RAM\", \"picture_url\": null}], \"status_detail\": \"pending_waiting_payment\", \"nsu_processadora\": null, \"available_balance\": null, \"authentication_code\": null, \"point_of_interaction\": {\"type\": \"UNSPECIFIED\", \"business_info\": {\"unit\": \"online_payments\", \"branch\": null, \"sub_unit\": \"sdk\"}}}','2024-11-20 14:31:41.350','2024-11-20 14:31:41.350'),('cm3pzs9rx000q7amw5y9xtl70','cm3pzs9ru000m7amwzlfy6lym','pagofacil','2024-12-11 02:59:59.000','{\"barcode\": {\"type\": \"Code128C\", \"width\": 1, \"height\": 30, \"content\": \"3335008800000000006005393076121900000243252032\"}, \"digitable_line\": null, \"overpaid_amount\": 0, \"total_paid_amount\": 219000, \"verification_code\": \"6005393076\", \"acquirer_reference\": \"\", \"installment_amount\": 0, \"net_received_amount\": 0, \"external_resource_url\": \"https://www.mercadopago.com.ar/sandbox/payments/1328348787/ticket?caller_id=2097398303&payment_method_id=pagofacil&payment_id=1328348787&payment_method_reference_id=6005393076&hash=0f41e05a-cf94-4ae6-a2f5-b92e9b864d7f\", \"financial_institution\": \"\", \"payable_deferral_period\": null, \"payment_method_reference_id\": \"6005393076\"}','{\"items\": [{\"id\": \"97f6057e-9d48-11ef-a1b8-fc3497c3e354\", \"title\": \"Monitor Phillips\", \"quantity\": \"1\", \"unit_price\": \"219000\", \"category_id\": \"electronics\", \"description\": \"75hz Led Negro\", \"picture_url\": null}], \"status_detail\": \"pending_waiting_payment\", \"nsu_processadora\": null, \"available_balance\": null, \"authentication_code\": null, \"point_of_interaction\": {\"type\": \"UNSPECIFIED\", \"business_info\": {\"unit\": \"online_payments\", \"branch\": null, \"sub_unit\": \"sdk\"}}}','2024-11-20 14:41:57.112','2024-11-20 14:41:57.112'),('cm3pzyw3g000z7amwbd35ek9x','cm3pzyw3c000v7amwcelletyp','rapipago','2024-11-28 02:59:59.000','{\"barcode\": {\"type\": \"Code128C\", \"width\": 1, \"height\": 30, \"content\": \"6002411276005020973983030060053931080301000000\"}, \"digitable_line\": null, \"overpaid_amount\": 0, \"total_paid_amount\": 301000, \"verification_code\": \"6005393108\", \"acquirer_reference\": \"\", \"installment_amount\": 0, \"net_received_amount\": 0, \"external_resource_url\": \"https://www.mercadopago.com.ar/sandbox/payments/1328350673/ticket?caller_id=2097398303&payment_method_id=rapipago&payment_id=1328350673&payment_method_reference_id=6005393108&hash=66b268a8-f139-4c07-a14e-cd1dd08f7144\", \"financial_institution\": \"\", \"payable_deferral_period\": null, \"payment_method_reference_id\": \"6005393108\"}','{\"items\": [{\"id\": \"cb112c72-9d86-11ef-a1b8-fc3497c3e354\", \"title\": \"Samsung Galaxy A04\", \"quantity\": \"1\", \"unit_price\": \"301000\", \"category_id\": \"electronics\", \"description\": \"128 GB Negro 4 GB RAM\", \"picture_url\": null}], \"status_detail\": \"pending_waiting_payment\", \"nsu_processadora\": null, \"available_balance\": null, \"authentication_code\": null, \"point_of_interaction\": {\"type\": \"UNSPECIFIED\", \"business_info\": {\"unit\": \"online_payments\", \"branch\": null, \"sub_unit\": \"sdk\"}}}','2024-11-20 14:47:05.975','2024-11-20 14:47:05.975'),('cm3q1t3oo00197amw6fh7nuo0','cm3q1t3oi00147amwvoez7vay','pagofacil','2024-12-11 02:59:59.000','{\"barcode\": {\"type\": \"Code128C\", \"width\": 1, \"height\": 30, \"content\": \"3335008800000000006005393174180000000243252084\"}, \"digitable_line\": null, \"overpaid_amount\": 0, \"total_paid_amount\": 800000, \"verification_code\": \"6005393174\", \"acquirer_reference\": \"\", \"installment_amount\": 0, \"net_received_amount\": 0, \"external_resource_url\": \"https://www.mercadopago.com.ar/sandbox/payments/1328356061/ticket?caller_id=2097398303&payment_method_id=pagofacil&payment_id=1328356061&payment_method_reference_id=6005393174&hash=92a8cb0b-4811-4876-a71a-4ebd165e9325\", \"financial_institution\": \"\", \"payable_deferral_period\": null, \"payment_method_reference_id\": \"6005393174\"}','{\"items\": [{\"id\": \"cb112c72-9d86-11ef-a1b8-fc3497c3e354\", \"title\": \"Samsung Galaxy A04\", \"quantity\": \"2\", \"unit_price\": \"301000\", \"category_id\": \"electronics\", \"description\": \"128 GB Negro 4 GB RAM\", \"picture_url\": null}, {\"id\": \"d62b0590-9d86-11ef-a1b8-fc3497c3e354\", \"title\": \"Smartwatch Fox Box\", \"quantity\": \"2\", \"unit_price\": \"99000\", \"category_id\": \"electronics\", \"description\": \"Neutron 3.0 2.04\", \"picture_url\": null}], \"status_detail\": \"pending_waiting_payment\", \"nsu_processadora\": null, \"available_balance\": null, \"authentication_code\": null, \"point_of_interaction\": {\"type\": \"UNSPECIFIED\", \"business_info\": {\"unit\": \"online_payments\", \"branch\": null, \"sub_unit\": \"sdk\"}}}','2024-11-20 15:38:35.105','2024-11-20 15:38:35.105'),('cm3rz1gj70006z9wnsvpsp406','cm3rz1gj20002z9wnv5cwf3qa','rapipago','2024-11-29 02:59:59.000','{\"barcode\": {\"type\": \"Code128C\", \"width\": 1, \"height\": 30, \"content\": \"6002411286005020973983030060054076180099000000\"}, \"digitable_line\": null, \"overpaid_amount\": 0, \"total_paid_amount\": 99000, \"verification_code\": \"6005407618\", \"acquirer_reference\": \"\", \"installment_amount\": 0, \"net_received_amount\": 0, \"external_resource_url\": \"https://www.mercadopago.com.ar/sandbox/payments/1328437199/ticket?caller_id=2097398303&payment_method_id=rapipago&payment_id=1328437199&payment_method_reference_id=6005407618&hash=a9e3d079-704f-40cf-978a-c8d517e1832c\", \"financial_institution\": \"\", \"payable_deferral_period\": null, \"payment_method_reference_id\": \"6005407618\"}','{\"items\": [{\"id\": \"d62b0590-9d86-11ef-a1b8-fc3497c3e354\", \"title\": \"Smartwatch Fox Box\", \"quantity\": \"1\", \"unit_price\": \"99000\", \"category_id\": \"electronics\", \"description\": \"Neutron 3.0 2.04\", \"picture_url\": null}], \"status_detail\": \"pending_waiting_payment\", \"nsu_processadora\": null, \"available_balance\": null, \"authentication_code\": null, \"point_of_interaction\": {\"type\": \"UNSPECIFIED\", \"business_info\": {\"unit\": \"online_payments\", \"branch\": null, \"sub_unit\": \"sdk\"}}}','2024-11-21 23:56:38.509','2024-11-21 23:56:38.509'),('cm3s2kcgm000kz9wnsggd5zyd','cm3s2kcgi000gz9wnqk46j3fg','rapipago','2024-11-29 02:59:59.000','{\"barcode\": {\"type\": \"Code128C\", \"width\": 1, \"height\": 30, \"content\": \"6002411286005015097638830060054076280099000004\"}, \"digitable_line\": null, \"overpaid_amount\": 0, \"total_paid_amount\": 99000, \"verification_code\": \"6005407628\", \"acquirer_reference\": \"\", \"installment_amount\": 0, \"net_received_amount\": 0, \"external_resource_url\": \"https://www.mercadopago.com.ar/sandbox/payments/1328438461/ticket?caller_id=1509763883&payment_method_id=rapipago&payment_id=1328438461&payment_method_reference_id=6005407628&hash=33714592-3199-471f-96b6-4d7f2cd6f9ca\", \"financial_institution\": \"\", \"payable_deferral_period\": null, \"payment_method_reference_id\": \"6005407628\"}','{\"items\": [{\"id\": \"d62b0590-9d86-11ef-a1b8-fc3497c3e354\", \"title\": \"Smartwatch Fox Box\", \"quantity\": \"1\", \"unit_price\": \"99000\", \"category_id\": \"electronics\", \"description\": \"Neutron 3.0 2.04\", \"picture_url\": null}], \"status_detail\": \"pending_waiting_payment\", \"nsu_processadora\": null, \"available_balance\": null, \"authentication_code\": null, \"point_of_interaction\": {\"type\": \"UNSPECIFIED\", \"business_info\": {\"unit\": \"online_payments\", \"branch\": null, \"sub_unit\": \"sdk\"}}}','2024-11-22 01:35:18.545','2024-11-22 01:35:18.545'),('cm3xcsahj00086rwkcpb0weqd','cm3xcsaha00046rwkrc6sn7wk','master',NULL,'{\"overpaid_amount\": 0, \"total_paid_amount\": 242000, \"acquirer_reference\": null, \"installment_amount\": 242000, \"net_received_amount\": 232078, \"external_resource_url\": null, \"financial_institution\": null, \"payable_deferral_period\": null, \"payment_method_reference_id\": null}','{\"items\": [{\"id\": \"bbf10ebc-9d86-11ef-a1b8-fc3497c3e354\", \"title\": \"Motorola Moto E22\", \"quantity\": \"1\", \"unit_price\": \"242000\", \"category_id\": \"electronics\", \"description\": \"64GB Negro 4GB RAM\", \"picture_url\": null}], \"status_detail\": \"accredited\", \"nsu_processadora\": \"30121999\", \"available_balance\": null, \"authentication_code\": null, \"point_of_interaction\": {\"type\": \"UNSPECIFIED\", \"business_info\": {\"unit\": \"online_payments\", \"branch\": null, \"sub_unit\": \"sdk\"}}}','2024-11-25 18:20:16.267','2024-11-25 18:20:16.267'),('cm3xcws7w000h6rwk613v8lev','cm3xcws7o000d6rwklp7d3qnj','master',NULL,'{\"overpaid_amount\": 0, \"total_paid_amount\": 74314.61, \"acquirer_reference\": null, \"installment_amount\": 12385.77, \"net_received_amount\": 52379.62, \"external_resource_url\": null, \"financial_institution\": null, \"payable_deferral_period\": null, \"payment_method_reference_id\": null}','{\"items\": [{\"id\": \"cm3t504jn0008kiybhnfs8jb4\", \"title\": \"Taladro Percutor Atornillador\", \"quantity\": \"1\", \"unit_price\": \"54619\", \"category_id\": \"electronics\", \"description\": \"Eléctrico de 13mm Black+Decker HD555 550W + accesorio 220V 50Hz\", \"picture_url\": null}], \"status_detail\": \"accredited\", \"nsu_processadora\": \"30121999\", \"available_balance\": null, \"authentication_code\": null, \"point_of_interaction\": {\"type\": \"UNSPECIFIED\", \"business_info\": {\"unit\": \"online_payments\", \"branch\": null, \"sub_unit\": \"sdk\"}}}','2024-11-25 18:23:45.875','2024-11-25 18:23:45.875'),('cm3xd640d000q6rwk4edk009w','cm3xd6409000m6rwknxnn9j7l','master',NULL,'{\"overpaid_amount\": 0, \"total_paid_amount\": 54619, \"acquirer_reference\": null, \"installment_amount\": 54619, \"net_received_amount\": 52379.62, \"external_resource_url\": null, \"financial_institution\": null, \"payable_deferral_period\": null, \"payment_method_reference_id\": null}','{\"items\": [{\"id\": \"cm3t504jn0008kiybhnfs8jb4\", \"title\": \"Taladro Percutor Atornillador\", \"quantity\": \"1\", \"unit_price\": \"54619\", \"category_id\": \"electronics\", \"description\": \"Eléctrico de 13mm Black+Decker HD555 550W + accesorio 220V 50Hz\", \"picture_url\": null}], \"status_detail\": \"accredited\", \"nsu_processadora\": \"30121999\", \"available_balance\": null, \"authentication_code\": null, \"point_of_interaction\": {\"type\": \"UNSPECIFIED\", \"business_info\": {\"unit\": \"online_payments\", \"branch\": null, \"sub_unit\": \"sdk\"}}}','2024-11-25 18:31:01.064','2024-11-25 18:31:01.064'),('cm3xdkff7000z6rwkupr7i1al','cm3xdkf8j000v6rwkwyrchiuz','master',NULL,'{\"overpaid_amount\": 0, \"total_paid_amount\": 54619, \"acquirer_reference\": null, \"installment_amount\": 54619, \"net_received_amount\": 52379.62, \"external_resource_url\": null, \"financial_institution\": null, \"payable_deferral_period\": null, \"payment_method_reference_id\": null}','{\"items\": [{\"id\": \"cm3t504jn0008kiybhnfs8jb4\", \"title\": \"Taladro Percutor Atornillador\", \"quantity\": \"1\", \"unit_price\": \"54619\", \"category_id\": \"electronics\", \"description\": \"Eléctrico de 13mm Black+Decker HD555 550W + accesorio 220V 50Hz\", \"picture_url\": null}], \"status_detail\": \"accredited\", \"nsu_processadora\": \"30121999\", \"available_balance\": null, \"authentication_code\": null, \"point_of_interaction\": {\"type\": \"UNSPECIFIED\", \"business_info\": {\"unit\": \"online_payments\", \"branch\": null, \"sub_unit\": \"sdk\"}}}','2024-11-25 18:42:08.802','2024-11-25 18:42:08.802'),('cm3xdrz0k00186rwkam48ouee','cm3xdrz0g00146rwkq2v9jpf1','master',NULL,'{\"overpaid_amount\": 0, \"total_paid_amount\": 64941.99, \"acquirer_reference\": null, \"installment_amount\": 32471, \"net_received_amount\": 52379.62, \"external_resource_url\": null, \"financial_institution\": null, \"payable_deferral_period\": null, \"payment_method_reference_id\": null}','{\"items\": [{\"id\": \"cm3t504jn0008kiybhnfs8jb4\", \"title\": \"Taladro Percutor Atornillador\", \"quantity\": \"1\", \"unit_price\": \"54619\", \"category_id\": \"electronics\", \"description\": \"Eléctrico de 13mm Black+Decker HD555 550W + accesorio 220V 50Hz\", \"picture_url\": null}], \"status_detail\": \"accredited\", \"nsu_processadora\": \"30121999\", \"available_balance\": null, \"authentication_code\": null, \"point_of_interaction\": {\"type\": \"UNSPECIFIED\", \"business_info\": {\"unit\": \"online_payments\", \"branch\": null, \"sub_unit\": \"sdk\"}}}','2024-11-25 18:48:01.023','2024-11-25 18:48:01.023'),('cm3xe01ds001h6rwkmg46x1ub','cm3xe01do001d6rwkk2726eze','master',NULL,'{\"overpaid_amount\": 0, \"total_paid_amount\": 54619, \"acquirer_reference\": null, \"installment_amount\": 54619, \"net_received_amount\": 52379.62, \"external_resource_url\": null, \"financial_institution\": null, \"payable_deferral_period\": null, \"payment_method_reference_id\": null}','{\"items\": [{\"id\": \"cm3t504jn0008kiybhnfs8jb4\", \"title\": \"Taladro Percutor Atornillador\", \"quantity\": \"1\", \"unit_price\": \"54619\", \"category_id\": \"electronics\", \"description\": \"Eléctrico de 13mm Black+Decker HD555 550W + accesorio 220V 50Hz\", \"picture_url\": null}], \"status_detail\": \"accredited\", \"nsu_processadora\": \"30121999\", \"available_balance\": null, \"authentication_code\": null, \"point_of_interaction\": {\"type\": \"UNSPECIFIED\", \"business_info\": {\"unit\": \"online_payments\", \"branch\": null, \"sub_unit\": \"sdk\"}}}','2024-11-25 18:54:17.340','2024-11-25 18:54:17.340'),('cm3xeagb0001q6rwkdrgloht6','cm3xeagaw001m6rwk4439f71r','master',NULL,'{\"overpaid_amount\": 0, \"total_paid_amount\": 64941.99, \"acquirer_reference\": null, \"installment_amount\": 32471, \"net_received_amount\": 52379.62, \"external_resource_url\": null, \"financial_institution\": null, \"payable_deferral_period\": null, \"payment_method_reference_id\": null}','{\"items\": [{\"id\": \"cm3t504jn0008kiybhnfs8jb4\", \"title\": \"Taladro Percutor Atornillador\", \"quantity\": \"1\", \"unit_price\": \"54619\", \"category_id\": \"electronics\", \"description\": \"Eléctrico de 13mm Black+Decker HD555 550W + accesorio 220V 50Hz\", \"picture_url\": null}], \"status_detail\": \"accredited\", \"nsu_processadora\": \"30121999\", \"available_balance\": null, \"authentication_code\": null, \"point_of_interaction\": {\"type\": \"UNSPECIFIED\", \"business_info\": {\"unit\": \"online_payments\", \"branch\": null, \"sub_unit\": \"sdk\"}}}','2024-11-25 19:02:23.240','2024-11-25 19:02:23.240'),('cm3xg842m00266rwkboor86mw','cm3xg842i00226rwku1z6ol7j','master',NULL,'{\"overpaid_amount\": 0, \"total_paid_amount\": 371573.06, \"acquirer_reference\": null, \"installment_amount\": 61928.84, \"net_received_amount\": 261898.1, \"external_resource_url\": null, \"financial_institution\": null, \"payable_deferral_period\": null, \"payment_method_reference_id\": null}','{\"items\": [{\"id\": \"cm3t504jn0008kiybhnfs8jb4\", \"title\": \"Taladro Percutor Atornillador\", \"quantity\": \"5\", \"unit_price\": \"54619\", \"category_id\": \"electronics\", \"description\": \"Eléctrico de 13mm Black+Decker HD555 550W + accesorio 220V 50Hz\", \"picture_url\": null}], \"status_detail\": \"accredited\", \"nsu_processadora\": \"30121999\", \"available_balance\": null, \"authentication_code\": null, \"point_of_interaction\": {\"type\": \"UNSPECIFIED\", \"business_info\": {\"unit\": \"online_payments\", \"branch\": null, \"sub_unit\": \"sdk\"}}}','2024-11-25 19:56:33.306','2024-11-25 19:56:33.306'),('cm3xghfbh002i6rwkm2olxm7b','cm3xghfbd002e6rwkka1o6itk','visa',NULL,'{\"overpaid_amount\": 0, \"total_paid_amount\": 738955, \"acquirer_reference\": null, \"installment_amount\": 246318.33, \"net_received_amount\": 577318, \"external_resource_url\": null, \"financial_institution\": null, \"payable_deferral_period\": null, \"payment_method_reference_id\": null}','{\"items\": [{\"id\": \"cb112c72-9d86-11ef-a1b8-fc3497c3e354\", \"title\": \"Samsung Galaxy A04\", \"quantity\": \"2\", \"unit_price\": \"301000\", \"category_id\": \"electronics\", \"description\": \"128 GB Negro 4 GB RAM\", \"picture_url\": null}], \"status_detail\": \"accredited\", \"nsu_processadora\": \"30121999\", \"available_balance\": null, \"authentication_code\": null, \"point_of_interaction\": {\"type\": \"UNSPECIFIED\", \"business_info\": {\"unit\": \"online_payments\", \"branch\": null, \"sub_unit\": \"sdk\"}}}','2024-11-25 20:03:47.784','2024-11-25 20:03:47.784'),('cm3xgpuc0002u6rwkkrcgm00h','cm3xgpubw002q6rwksf3067yg','master',NULL,'{\"overpaid_amount\": 0, \"total_paid_amount\": 379566.58, \"acquirer_reference\": null, \"installment_amount\": 63261.1, \"net_received_amount\": 267532.23, \"external_resource_url\": null, \"financial_institution\": null, \"payable_deferral_period\": null, \"payment_method_reference_id\": null}','{\"items\": [{\"id\": \"e3ef2e60-9d86-11ef-a1b8-fc3497c3e354\", \"title\": \"Smartwatch Fox\", \"quantity\": \"3\", \"unit_price\": \"92990\", \"category_id\": \"electronics\", \"description\": \"Neon 3.0 1.43\", \"picture_url\": null}], \"status_detail\": \"accredited\", \"nsu_processadora\": \"30121999\", \"available_balance\": null, \"authentication_code\": null, \"point_of_interaction\": {\"type\": \"UNSPECIFIED\", \"business_info\": {\"unit\": \"online_payments\", \"branch\": null, \"sub_unit\": \"sdk\"}}}','2024-11-25 20:10:20.491','2024-11-25 20:10:20.491'),('cm40gijxd0014l6l39cc2xkra','cm40gijx50010l6l35f4fp352','rapipago','2024-12-05 02:59:59.000','{\"barcode\": {\"type\": \"Code128C\", \"width\": 1, \"height\": 30, \"content\": \"6002412046005015097638830060054565040092990004\"}, \"digitable_line\": null, \"overpaid_amount\": 0, \"total_paid_amount\": 92990, \"verification_code\": \"6005456504\", \"acquirer_reference\": \"\", \"installment_amount\": 0, \"net_received_amount\": 0, \"external_resource_url\": \"https://www.mercadopago.com.ar/sandbox/payments/1320409592/ticket?caller_id=1509763883&payment_method_id=rapipago&payment_id=1320409592&payment_method_reference_id=6005456504&hash=b07faaaf-f1f9-469b-a4b1-e722d85b68b1\", \"financial_institution\": \"\", \"payable_deferral_period\": null, \"payment_method_reference_id\": \"6005456504\"}','{\"items\": [{\"id\": \"e3ef2e60-9d86-11ef-a1b8-fc3497c3e354\", \"title\": \"Smartwatch Fox\", \"quantity\": \"1\", \"unit_price\": \"92990\", \"category_id\": \"electronics\", \"description\": \"Neon 3.0 1.43\", \"picture_url\": null}], \"status_detail\": \"pending_waiting_payment\", \"nsu_processadora\": null, \"available_balance\": null, \"authentication_code\": null, \"point_of_interaction\": {\"type\": \"UNSPECIFIED\", \"business_info\": {\"unit\": \"online_payments\", \"branch\": null, \"sub_unit\": \"sdk\"}}}','2024-11-27 22:27:58.933','2024-11-27 22:27:58.933'),('cm40h5c2a001fl6l3k5fnfgmr','cm40h5c24001bl6l310mo6jml','debvisa',NULL,'{\"overpaid_amount\": 0, \"total_paid_amount\": 59619, \"acquirer_reference\": null, \"installment_amount\": 59619, \"net_received_amount\": 57174.62, \"external_resource_url\": null, \"financial_institution\": null, \"payable_deferral_period\": null, \"payment_method_reference_id\": null}','{\"items\": [{\"id\": \"62eaa0ed-9d85-11ef-a1b8-fc3497c3e354\", \"title\": \"Auricular Foxbox Tws\", \"quantity\": \"1\", \"unit_price\": \"59619\", \"category_id\": \"electronics\", \"description\": \"Mood 6hrs Cancelación De Ruido Bt5.1 Color Negro\", \"picture_url\": null}], \"status_detail\": \"accredited\", \"nsu_processadora\": \"30121999\", \"available_balance\": null, \"authentication_code\": null, \"point_of_interaction\": {\"type\": \"UNSPECIFIED\", \"business_info\": {\"unit\": \"online_payments\", \"branch\": null, \"sub_unit\": \"sdk\"}}}','2024-11-27 22:45:41.835','2024-11-27 22:45:41.835'),('cm40hfa4y001ml6l3lbdnu6g6','cm40hfa4t001il6l30wsyu27o','debmaster',NULL,'{\"overpaid_amount\": 0, \"total_paid_amount\": 59619, \"acquirer_reference\": null, \"installment_amount\": 59619, \"net_received_amount\": 57174.62, \"external_resource_url\": null, \"financial_institution\": null, \"payable_deferral_period\": null, \"payment_method_reference_id\": null}','{\"items\": [{\"id\": \"62eaa0ed-9d85-11ef-a1b8-fc3497c3e354\", \"title\": \"Auricular Foxbox Tws\", \"quantity\": \"1\", \"unit_price\": \"59619\", \"category_id\": \"electronics\", \"description\": \"Mood 6hrs Cancelación De Ruido Bt5.1 Color Negro\", \"picture_url\": null}], \"status_detail\": \"accredited\", \"nsu_processadora\": \"30121999\", \"available_balance\": null, \"authentication_code\": null, \"point_of_interaction\": {\"type\": \"UNSPECIFIED\", \"business_info\": {\"unit\": \"online_payments\", \"branch\": null, \"sub_unit\": \"sdk\"}}}','2024-11-27 22:53:25.900','2024-11-27 22:53:25.900'),('cm40hi4y5001yl6l3qlxjqr0m','cm40hi4xy001ul6l35wj0rwt5','pagofacil','2024-12-18 02:59:59.000','{\"barcode\": {\"type\": \"Code128C\", \"width\": 1, \"height\": 30, \"content\": \"3335008800000000006005456522105961900243322067\"}, \"digitable_line\": null, \"overpaid_amount\": 0, \"total_paid_amount\": 59619, \"verification_code\": \"6005456522\", \"acquirer_reference\": \"\", \"installment_amount\": 0, \"net_received_amount\": 0, \"external_resource_url\": \"https://www.mercadopago.com.ar/sandbox/payments/1320411822/ticket?caller_id=1509763883&payment_method_id=pagofacil&payment_id=1320411822&payment_method_reference_id=6005456522&hash=326fe192-7dd7-4ad8-94e6-572c07f302eb\", \"financial_institution\": \"\", \"payable_deferral_period\": null, \"payment_method_reference_id\": \"6005456522\"}','{\"items\": [{\"id\": \"62eaa0ed-9d85-11ef-a1b8-fc3497c3e354\", \"title\": \"Auricular Foxbox Tws\", \"quantity\": \"1\", \"unit_price\": \"59619\", \"category_id\": \"electronics\", \"description\": \"Mood 6hrs Cancelación De Ruido Bt5.1 Color Negro\", \"picture_url\": null}], \"status_detail\": \"pending_waiting_payment\", \"nsu_processadora\": null, \"available_balance\": null, \"authentication_code\": null, \"point_of_interaction\": {\"type\": \"UNSPECIFIED\", \"business_info\": {\"unit\": \"online_payments\", \"branch\": null, \"sub_unit\": \"sdk\"}}}','2024-11-27 22:55:39.141','2024-11-27 22:55:39.141'),('cm40hr9i30025l6l36lwgbyof','cm40hr9hx0021l6l39ljg2ag9','rapipago','2024-12-05 02:59:59.000','{\"barcode\": {\"type\": \"Code128C\", \"width\": 1, \"height\": 30, \"content\": \"6002412046005015097638830060054565280059619004\"}, \"digitable_line\": null, \"overpaid_amount\": 0, \"total_paid_amount\": 59619, \"verification_code\": \"6005456528\", \"acquirer_reference\": \"\", \"installment_amount\": 0, \"net_received_amount\": 0, \"external_resource_url\": \"https://www.mercadopago.com.ar/sandbox/payments/1320411886/ticket?caller_id=1509763883&payment_method_id=rapipago&payment_id=1320411886&payment_method_reference_id=6005456528&hash=a50c887b-8235-4562-9039-7b1e78598805\", \"financial_institution\": \"\", \"payable_deferral_period\": null, \"payment_method_reference_id\": \"6005456528\"}','{\"id\": 1320411886, \"card\": {}, \"tags\": null, \"order\": {}, \"payer\": {\"id\": \"1509763883\", \"type\": null, \"email\": null, \"phone\": {\"number\": null, \"area_code\": null, \"extension\": null}, \"last_name\": null, \"first_name\": null, \"entity_type\": null, \"identification\": {\"type\": null, \"number\": null}}, \"pos_id\": null, \"status\": \"pending\", \"barcode\": {\"type\": \"Code128C\", \"width\": 1, \"height\": 30, \"content\": \"6002412046005015097638830060054565280059619004\"}, \"refunds\": [], \"brand_id\": null, \"captured\": true, \"metadata\": {\"cart_id\": \"cm37vd4va000388iz5faldv7a\", \"user_id\": \"cm37vd4va000288izk8d1el1w\", \"preference_id\": \"616318703-2baa2724-046a-4600-9d45-afc9100f93e7\"}, \"store_id\": null, \"issuer_id\": \"2002\", \"live_mode\": false, \"sponsor_id\": null, \"binary_mode\": false, \"currency_id\": \"ARS\", \"description\": \"Compra en Solymar Hogar\", \"fee_details\": [], \"platform_id\": null, \"collector_id\": 616318703, \"date_created\": \"2024-11-27T19:02:44.347-04:00\", \"installments\": 1, \"release_info\": null, \"taxes_amount\": 0, \"accounts_info\": null, \"build_version\": \"3.80.0-rc-2\", \"coupon_amount\": 0, \"date_approved\": null, \"integrator_id\": null, \"status_detail\": \"pending_waiting_payment\", \"corporation_id\": null, \"operation_type\": \"regular_payment\", \"payment_method\": {\"id\": \"rapipago\", \"data\": {}, \"type\": \"ticket\", \"issuer_id\": \"2002\", \"forward_data\": {\"ticket_number\": \"\", \"agreement_number\": \"\"}}, \"additional_info\": {\"items\": [{\"id\": \"62eaa0ed-9d85-11ef-a1b8-fc3497c3e354\", \"title\": \"Auricular Foxbox Tws\", \"quantity\": \"1\", \"unit_price\": \"59619\", \"category_id\": \"electronics\", \"description\": \"Mood 6hrs Cancelación De Ruido Bt5.1 Color Negro\", \"picture_url\": null}], \"nsu_processadora\": null, \"available_balance\": null, \"authentication_code\": null}, \"charges_details\": [{\"id\": \"1320411886-001\", \"name\": \"mercadopago_fee\", \"type\": \"fee\", \"amounts\": {\"original\": 2444.38, \"refunded\": 0}, \"accounts\": {\"to\": \"mp\", \"from\": \"collector\"}, \"metadata\": {\"source\": \"rule-engine\"}, \"client_id\": 0, \"reserve_id\": null, \"date_created\": \"2024-11-27T19:02:44.000-04:00\", \"last_updated\": \"2024-11-27T19:02:44.000-04:00\", \"refund_charges\": []}], \"financing_group\": null, \"merchant_number\": null, \"payment_type_id\": \"ticket\", \"processing_mode\": \"aggregator\", \"shipping_amount\": 0, \"counter_currency\": null, \"deduction_schema\": null, \"notification_url\": null, \"date_last_updated\": \"2024-11-27T19:02:44.347-04:00\", \"marketplace_owner\": null, \"payment_method_id\": \"rapipago\", \"authorization_code\": null, \"date_of_expiration\": \"2024-12-04T22:59:59.000-04:00\", \"external_reference\": null, \"money_release_date\": null, \"transaction_amount\": 59619, \"merchant_account_id\": null, \"transaction_details\": {\"barcode\": {\"type\": \"Code128C\", \"width\": 1, \"height\": 30, \"content\": \"6002412046005015097638830060054565280059619004\"}, \"digitable_line\": null, \"overpaid_amount\": 0, \"total_paid_amount\": 59619, \"verification_code\": \"6005456528\", \"acquirer_reference\": \"\", \"installment_amount\": 0, \"net_received_amount\": 0, \"external_resource_url\": \"https://www.mercadopago.com.ar/sandbox/payments/1320411886/ticket?caller_id=1509763883&payment_method_id=rapipago&payment_id=1320411886&payment_method_reference_id=6005456528&hash=a50c887b-8235-4562-9039-7b1e78598805\", \"financial_institution\": \"\", \"payable_deferral_period\": null, \"payment_method_reference_id\": \"6005456528\"}, \"money_release_schema\": null, \"money_release_status\": \"pending\", \"point_of_interaction\": {\"type\": \"UNSPECIFIED\", \"business_info\": {\"unit\": \"online_payments\", \"branch\": null, \"sub_unit\": \"sdk\"}}, \"statement_descriptor\": null, \"call_for_authorize_id\": null, \"acquirer_reconciliation\": [], \"differential_pricing_id\": null, \"transaction_amount_refunded\": 0}','2024-11-27 23:02:44.948','2024-11-27 23:55:50.062'),('cm40hulqf002cl6l30155bslq','cm40hulqb0028l6l36iq0j40u','rapipago','2024-12-05 02:59:59.000','{\"barcode\": {\"type\": \"Code128C\", \"width\": 1, \"height\": 30, \"content\": \"6002412046005015097638830060054565340059619003\"}, \"digitable_line\": null, \"overpaid_amount\": 0, \"total_paid_amount\": 59619, \"verification_code\": \"6005456534\", \"acquirer_reference\": \"\", \"installment_amount\": 0, \"net_received_amount\": 0, \"external_resource_url\": \"https://www.mercadopago.com.ar/sandbox/payments/1320409994/ticket?caller_id=1509763883&payment_method_id=rapipago&payment_id=1320409994&payment_method_reference_id=6005456534&hash=3ab5d81a-e26d-4a0d-9416-374cefc26c35\", \"financial_institution\": \"\", \"payable_deferral_period\": null, \"payment_method_reference_id\": \"6005456534\"}','{\"items\": [{\"id\": \"62eaa0ed-9d85-11ef-a1b8-fc3497c3e354\", \"title\": \"Auricular Foxbox Tws\", \"quantity\": \"1\", \"unit_price\": \"59619\", \"category_id\": \"electronics\", \"description\": \"Mood 6hrs Cancelación De Ruido Bt5.1 Color Negro\", \"picture_url\": null}], \"status_detail\": \"pending_waiting_payment\", \"nsu_processadora\": null, \"available_balance\": null, \"authentication_code\": null, \"point_of_interaction\": {\"type\": \"UNSPECIFIED\", \"business_info\": {\"unit\": \"online_payments\", \"branch\": null, \"sub_unit\": \"sdk\"}}}','2024-11-27 23:05:20.770','2024-11-27 23:05:20.770'),('cm40hxkoi002jl6l375zqcp1h','cm40hxkod002fl6l30r5i11kq','rapipago','2024-12-05 02:59:59.000','{\"barcode\": {\"type\": \"Code128C\", \"width\": 1, \"height\": 30, \"content\": \"6002412046005015097638830060054565380059619007\"}, \"digitable_line\": null, \"overpaid_amount\": 0, \"total_paid_amount\": 59619, \"verification_code\": \"6005456538\", \"acquirer_reference\": \"\", \"installment_amount\": 0, \"net_received_amount\": 0, \"external_resource_url\": \"https://www.mercadopago.com.ar/sandbox/payments/1320410028/ticket?caller_id=1509763883&payment_method_id=rapipago&payment_id=1320410028&payment_method_reference_id=6005456538&hash=72b98cac-e9cb-44e3-967a-e3826e7efabc\", \"financial_institution\": \"\", \"payable_deferral_period\": null, \"payment_method_reference_id\": \"6005456538\"}','{\"items\": [{\"id\": \"62eaa0ed-9d85-11ef-a1b8-fc3497c3e354\", \"title\": \"Auricular Foxbox Tws\", \"quantity\": \"1\", \"unit_price\": \"59619\", \"category_id\": \"electronics\", \"description\": \"Mood 6hrs Cancelación De Ruido Bt5.1 Color Negro\", \"picture_url\": null}], \"status_detail\": \"pending_waiting_payment\", \"nsu_processadora\": null, \"available_balance\": null, \"authentication_code\": null, \"point_of_interaction\": {\"type\": \"UNSPECIFIED\", \"business_info\": {\"unit\": \"online_payments\", \"branch\": null, \"sub_unit\": \"sdk\"}}}','2024-11-27 23:07:39.372','2024-11-27 23:07:39.372'),('cm40ia6gj002ul6l3tsfrkwcs','cm40ia6gd002ql6l3czhimzi3','rapipago','2024-12-05 02:59:59.000','{\"barcode\": {\"type\": \"Code128C\", \"width\": 1, \"height\": 30, \"content\": \"6002412046005015097638830060054565420059619008\"}, \"digitable_line\": null, \"overpaid_amount\": 0, \"total_paid_amount\": 59619, \"verification_code\": \"6005456542\", \"acquirer_reference\": \"\", \"installment_amount\": 0, \"net_received_amount\": 0, \"external_resource_url\": \"https://www.mercadopago.com.ar/sandbox/payments/1320411972/ticket?caller_id=1509763883&payment_method_id=rapipago&payment_id=1320411972&payment_method_reference_id=6005456542&hash=9da706c6-adcf-4bb5-bf03-2e5416c6d249\", \"financial_institution\": \"\", \"payable_deferral_period\": null, \"payment_method_reference_id\": \"6005456542\"}','{\"items\": [{\"id\": \"62eaa0ed-9d85-11ef-a1b8-fc3497c3e354\", \"title\": \"Auricular Foxbox Tws\", \"quantity\": \"1\", \"unit_price\": \"59619\", \"category_id\": \"electronics\", \"description\": \"Mood 6hrs Cancelación De Ruido Bt5.1 Color Negro\", \"picture_url\": null}], \"status_detail\": \"pending_waiting_payment\", \"nsu_processadora\": null, \"available_balance\": null, \"authentication_code\": null, \"point_of_interaction\": {\"type\": \"UNSPECIFIED\", \"business_info\": {\"unit\": \"online_payments\", \"branch\": null, \"sub_unit\": \"sdk\"}}}','2024-11-27 23:17:27.469','2024-11-27 23:17:27.469'),('cm40ifupt0006y9tezcyznd66','cm40ifupo0002y9tek7hr62z9','rapipago','2024-12-05 02:59:59.000','{\"barcode\": {\"type\": \"Code128C\", \"width\": 1, \"height\": 30, \"content\": \"6002412046005015097638830060054565460059619002\"}, \"digitable_line\": null, \"overpaid_amount\": 0, \"total_paid_amount\": 59619, \"verification_code\": \"6005456546\", \"acquirer_reference\": \"\", \"installment_amount\": 0, \"net_received_amount\": 0, \"external_resource_url\": \"https://www.mercadopago.com.ar/sandbox/payments/1320412026/ticket?caller_id=1509763883&payment_method_id=rapipago&payment_id=1320412026&payment_method_reference_id=6005456546&hash=427dd11a-d8a0-4b74-86d5-3ab11880a11f\", \"financial_institution\": \"\", \"payable_deferral_period\": null, \"payment_method_reference_id\": \"6005456546\"}','{\"items\": [{\"id\": \"62eaa0ed-9d85-11ef-a1b8-fc3497c3e354\", \"title\": \"Auricular Foxbox Tws\", \"quantity\": \"1\", \"unit_price\": \"59619\", \"category_id\": \"electronics\", \"description\": \"Mood 6hrs Cancelación De Ruido Bt5.1 Color Negro\", \"picture_url\": null}], \"status_detail\": \"pending_waiting_payment\", \"nsu_processadora\": null, \"available_balance\": null, \"authentication_code\": null, \"point_of_interaction\": {\"type\": \"UNSPECIFIED\", \"business_info\": {\"unit\": \"online_payments\", \"branch\": null, \"sub_unit\": \"sdk\"}}}','2024-11-27 23:21:52.187','2024-11-27 23:21:52.187'),('cm40ikdsn0006mx3pk23hcn8d','cm40ikdsi0002mx3pn9eu4hm2','pagofacil','2024-12-18 02:59:59.000','{\"barcode\": {\"type\": \"Code128C\", \"width\": 1, \"height\": 30, \"content\": \"3335008800000000006005456550105961900243322072\"}, \"digitable_line\": null, \"overpaid_amount\": 0, \"total_paid_amount\": 59619, \"verification_code\": \"6005456550\", \"acquirer_reference\": \"\", \"installment_amount\": 0, \"net_received_amount\": 0, \"external_resource_url\": \"https://www.mercadopago.com.ar/sandbox/payments/1320410238/ticket?caller_id=1509763883&payment_method_id=pagofacil&payment_id=1320410238&payment_method_reference_id=6005456550&hash=ed07100a-3859-4f78-8c5a-0037760fc5f3\", \"financial_institution\": \"\", \"payable_deferral_period\": null, \"payment_method_reference_id\": \"6005456550\"}','{\"items\": [{\"id\": \"62eaa0ed-9d85-11ef-a1b8-fc3497c3e354\", \"title\": \"Auricular Foxbox Tws\", \"quantity\": \"1\", \"unit_price\": \"59619\", \"category_id\": \"electronics\", \"description\": \"Mood 6hrs Cancelación De Ruido Bt5.1 Color Negro\", \"picture_url\": null}], \"status_detail\": \"pending_waiting_payment\", \"nsu_processadora\": null, \"available_balance\": null, \"authentication_code\": null, \"point_of_interaction\": {\"type\": \"UNSPECIFIED\", \"business_info\": {\"unit\": \"online_payments\", \"branch\": null, \"sub_unit\": \"sdk\"}}}','2024-11-27 23:25:23.537','2024-11-27 23:25:23.537'),('cm40iqxtw00061002lokkzx47','cm40iqxts00021002nzthjru5','pagofacil','2024-12-18 02:59:59.000','{\"barcode\": {\"type\": \"Code128C\", \"width\": 1, \"height\": 30, \"content\": \"3335008800000000006005456556105961900243322087\"}, \"digitable_line\": null, \"overpaid_amount\": 0, \"total_paid_amount\": 59619, \"verification_code\": \"6005456556\", \"acquirer_reference\": \"\", \"installment_amount\": 0, \"net_received_amount\": 0, \"external_resource_url\": \"https://www.mercadopago.com.ar/sandbox/payments/1320412106/ticket?caller_id=1509763883&payment_method_id=pagofacil&payment_id=1320412106&payment_method_reference_id=6005456556&hash=e6f67c74-ad7c-4120-a8e8-a90657b20544\", \"financial_institution\": \"\", \"payable_deferral_period\": null, \"payment_method_reference_id\": \"6005456556\"}','{\"items\": [{\"id\": \"62eaa0ed-9d85-11ef-a1b8-fc3497c3e354\", \"title\": \"Auricular Foxbox Tws\", \"quantity\": \"1\", \"unit_price\": \"59619\", \"category_id\": \"electronics\", \"description\": \"Mood 6hrs Cancelación De Ruido Bt5.1 Color Negro\", \"picture_url\": null}], \"status_detail\": \"pending_waiting_payment\", \"nsu_processadora\": null, \"available_balance\": null, \"authentication_code\": null, \"point_of_interaction\": {\"type\": \"UNSPECIFIED\", \"business_info\": {\"unit\": \"online_payments\", \"branch\": null, \"sub_unit\": \"sdk\"}}}','2024-11-27 23:30:29.438','2024-11-27 23:30:29.438'),('cm40iwyi5000e1002415y664o','cm40iwyi2000a1002ifrkzem7','pagofacil','2024-12-18 02:59:59.000','{\"barcode\": {\"type\": \"Code128C\", \"width\": 1, \"height\": 30, \"content\": \"3335008800000000006005456562105961900243322067\"}, \"digitable_line\": null, \"overpaid_amount\": 0, \"total_paid_amount\": 59619, \"verification_code\": \"6005456562\", \"acquirer_reference\": \"\", \"installment_amount\": 0, \"net_received_amount\": 0, \"external_resource_url\": \"https://www.mercadopago.com.ar/sandbox/payments/1320412198/ticket?caller_id=1509763883&payment_method_id=pagofacil&payment_id=1320412198&payment_method_reference_id=6005456562&hash=dec3dc47-b94b-4ae7-a779-da6fc9a7134e\", \"financial_institution\": \"\", \"payable_deferral_period\": null, \"payment_method_reference_id\": \"6005456562\"}','{\"items\": [{\"id\": \"62eaa0ed-9d85-11ef-a1b8-fc3497c3e354\", \"title\": \"Auricular Foxbox Tws\", \"quantity\": \"1\", \"unit_price\": \"59619\", \"category_id\": \"electronics\", \"description\": \"Mood 6hrs Cancelación De Ruido Bt5.1 Color Negro\", \"picture_url\": null}], \"status_detail\": \"pending_waiting_payment\", \"nsu_processadora\": null, \"available_balance\": null, \"authentication_code\": null, \"point_of_interaction\": {\"type\": \"UNSPECIFIED\", \"business_info\": {\"unit\": \"online_payments\", \"branch\": null, \"sub_unit\": \"sdk\"}}}','2024-11-27 23:35:10.249','2024-11-27 23:35:10.249'),('cm40j22xr0006rml6bho9ew99','cm40j22xm0002rml6g9v2cgnh','pagofacil','2024-12-18 02:59:59.000','{\"barcode\": {\"type\": \"Code128C\", \"width\": 1, \"height\": 30, \"content\": \"3335008800000000006005456570105961900243322024\"}, \"digitable_line\": null, \"overpaid_amount\": 0, \"total_paid_amount\": 59619, \"verification_code\": \"6005456570\", \"acquirer_reference\": \"\", \"installment_amount\": 0, \"net_received_amount\": 0, \"external_resource_url\": \"https://www.mercadopago.com.ar/sandbox/payments/1320412290/ticket?caller_id=1509763883&payment_method_id=pagofacil&payment_id=1320412290&payment_method_reference_id=6005456570&hash=41aefcef-8047-4f76-bcfc-392e58957bc5\", \"financial_institution\": \"\", \"payable_deferral_period\": null, \"payment_method_reference_id\": \"6005456570\"}','{\"id\": 1320412290, \"card\": {}, \"tags\": null, \"order\": {}, \"payer\": {\"id\": \"1509763883\", \"type\": null, \"email\": null, \"phone\": {\"number\": null, \"area_code\": null, \"extension\": null}, \"last_name\": null, \"first_name\": null, \"entity_type\": null, \"identification\": {\"type\": null, \"number\": null}}, \"pos_id\": null, \"status\": \"pending\", \"barcode\": {\"type\": \"Code128C\", \"width\": 1, \"height\": 30, \"content\": \"3335008800000000006005456570105961900243322024\"}, \"refunds\": [], \"brand_id\": null, \"captured\": true, \"metadata\": {\"cart_id\": \"cm37vd4va000388iz5faldv7a\", \"user_id\": \"cm37vd4va000288izk8d1el1w\", \"preference_id\": \"616318703-c72e7fbe-21c1-40bc-830d-35adc6e4c99c\"}, \"store_id\": null, \"issuer_id\": \"11\", \"live_mode\": false, \"sponsor_id\": null, \"binary_mode\": false, \"currency_id\": \"ARS\", \"description\": \"Compra en Solymar Hogar\", \"fee_details\": [], \"platform_id\": null, \"collector_id\": 616318703, \"date_created\": \"2024-11-27T19:39:08.727-04:00\", \"installments\": 1, \"release_info\": null, \"taxes_amount\": 0, \"accounts_info\": null, \"build_version\": \"3.80.0-rc-2\", \"coupon_amount\": 0, \"date_approved\": null, \"integrator_id\": null, \"status_detail\": \"pending_waiting_payment\", \"corporation_id\": null, \"operation_type\": \"regular_payment\", \"payment_method\": {\"id\": \"pagofacil\", \"data\": {}, \"type\": \"ticket\", \"issuer_id\": \"11\", \"forward_data\": {\"ticket_number\": \"\", \"agreement_number\": \"\"}}, \"additional_info\": {\"items\": [{\"id\": \"62eaa0ed-9d85-11ef-a1b8-fc3497c3e354\", \"title\": \"Auricular Foxbox Tws\", \"quantity\": \"1\", \"unit_price\": \"59619\", \"category_id\": \"electronics\", \"description\": \"Mood 6hrs Cancelación De Ruido Bt5.1 Color Negro\", \"picture_url\": null}], \"nsu_processadora\": null, \"available_balance\": null, \"authentication_code\": null}, \"charges_details\": [{\"id\": \"1320412290-001\", \"name\": \"mercadopago_fee\", \"type\": \"fee\", \"amounts\": {\"original\": 2444.38, \"refunded\": 0}, \"accounts\": {\"to\": \"mp\", \"from\": \"collector\"}, \"metadata\": {\"source\": \"rule-engine\"}, \"client_id\": 0, \"reserve_id\": null, \"date_created\": \"2024-11-27T19:39:08.000-04:00\", \"last_updated\": \"2024-11-27T19:39:08.000-04:00\", \"refund_charges\": []}], \"financing_group\": null, \"merchant_number\": null, \"payment_type_id\": \"ticket\", \"processing_mode\": \"aggregator\", \"shipping_amount\": 0, \"counter_currency\": null, \"deduction_schema\": null, \"notification_url\": null, \"date_last_updated\": \"2024-11-27T19:39:08.727-04:00\", \"marketplace_owner\": null, \"payment_method_id\": \"pagofacil\", \"authorization_code\": null, \"date_of_expiration\": \"2024-12-17T22:59:59.000-04:00\", \"external_reference\": null, \"money_release_date\": null, \"transaction_amount\": 59619, \"merchant_account_id\": null, \"transaction_details\": {\"barcode\": {\"type\": \"Code128C\", \"width\": 1, \"height\": 30, \"content\": \"3335008800000000006005456570105961900243322024\"}, \"digitable_line\": null, \"overpaid_amount\": 0, \"total_paid_amount\": 59619, \"verification_code\": \"6005456570\", \"acquirer_reference\": \"\", \"installment_amount\": 0, \"net_received_amount\": 0, \"external_resource_url\": \"https://www.mercadopago.com.ar/sandbox/payments/1320412290/ticket?caller_id=1509763883&payment_method_id=pagofacil&payment_id=1320412290&payment_method_reference_id=6005456570&hash=41aefcef-8047-4f76-bcfc-392e58957bc5\", \"financial_institution\": \"\", \"payable_deferral_period\": null, \"payment_method_reference_id\": \"6005456570\"}, \"money_release_schema\": null, \"money_release_status\": \"pending\", \"point_of_interaction\": {\"type\": \"UNSPECIFIED\", \"business_info\": {\"unit\": \"online_payments\", \"branch\": null, \"sub_unit\": \"sdk\"}}, \"statement_descriptor\": null, \"call_for_authorize_id\": null, \"acquirer_reconciliation\": [], \"differential_pricing_id\": null, \"transaction_amount_refunded\": 0}','2024-11-27 23:39:09.272','2024-11-27 23:39:10.765'),('cm40j7keq0006zsf0e2de2lj2','cm40j7kel0002zsf0nevw3t2k','pagofacil','2024-12-18 02:59:59.000','{\"barcode\": {\"type\": \"Code128C\", \"width\": 1, \"height\": 30, \"content\": \"3335008800000000006005456582105961900243322019\"}, \"digitable_line\": null, \"overpaid_amount\": 0, \"total_paid_amount\": 59619, \"verification_code\": \"6005456582\", \"acquirer_reference\": \"\", \"installment_amount\": 0, \"net_received_amount\": 0, \"external_resource_url\": \"https://www.mercadopago.com.ar/sandbox/payments/1320410448/ticket?caller_id=1509763883&payment_method_id=pagofacil&payment_id=1320410448&payment_method_reference_id=6005456582&hash=cdf47d18-a906-4eb7-9f7d-57033f5b6941\", \"financial_institution\": \"\", \"payable_deferral_period\": null, \"payment_method_reference_id\": \"6005456582\"}','{\"id\": 1320410448, \"card\": {}, \"tags\": null, \"order\": {}, \"payer\": {\"id\": \"1509763883\", \"type\": null, \"email\": null, \"phone\": {\"number\": null, \"area_code\": null, \"extension\": null}, \"last_name\": null, \"first_name\": null, \"entity_type\": null, \"identification\": {\"type\": null, \"number\": null}}, \"pos_id\": null, \"status\": \"pending\", \"barcode\": {\"type\": \"Code128C\", \"width\": 1, \"height\": 30, \"content\": \"3335008800000000006005456582105961900243322019\"}, \"refunds\": [], \"brand_id\": null, \"captured\": true, \"metadata\": {\"cart_id\": \"cm37vd4va000388iz5faldv7a\", \"user_id\": \"cm37vd4va000288izk8d1el1w\", \"preference_id\": \"616318703-d7555e03-9986-47bb-865d-0531c2e99777\"}, \"store_id\": null, \"issuer_id\": \"11\", \"live_mode\": false, \"sponsor_id\": null, \"binary_mode\": false, \"currency_id\": \"ARS\", \"description\": \"Compra en Solymar Hogar\", \"fee_details\": [], \"platform_id\": null, \"collector_id\": 616318703, \"date_created\": \"2024-11-27T19:43:24.725-04:00\", \"installments\": 1, \"release_info\": null, \"taxes_amount\": 0, \"accounts_info\": null, \"build_version\": \"3.80.0-rc-2\", \"coupon_amount\": 0, \"date_approved\": null, \"integrator_id\": null, \"status_detail\": \"pending_waiting_payment\", \"corporation_id\": null, \"operation_type\": \"regular_payment\", \"payment_method\": {\"id\": \"pagofacil\", \"data\": {}, \"type\": \"ticket\", \"issuer_id\": \"11\", \"forward_data\": {\"ticket_number\": \"\", \"agreement_number\": \"\"}}, \"additional_info\": {\"items\": [{\"id\": \"62eaa0ed-9d85-11ef-a1b8-fc3497c3e354\", \"title\": \"Auricular Foxbox Tws\", \"quantity\": \"1\", \"unit_price\": \"59619\", \"category_id\": \"electronics\", \"description\": \"Mood 6hrs Cancelación De Ruido Bt5.1 Color Negro\", \"picture_url\": null}], \"nsu_processadora\": null, \"available_balance\": null, \"authentication_code\": null}, \"charges_details\": [{\"id\": \"1320410448-001\", \"name\": \"mercadopago_fee\", \"type\": \"fee\", \"amounts\": {\"original\": 2444.38, \"refunded\": 0}, \"accounts\": {\"to\": \"mp\", \"from\": \"collector\"}, \"metadata\": {\"source\": \"rule-engine\"}, \"client_id\": 0, \"reserve_id\": null, \"date_created\": \"2024-11-27T19:43:24.000-04:00\", \"last_updated\": \"2024-11-27T19:43:24.000-04:00\", \"refund_charges\": []}], \"financing_group\": null, \"merchant_number\": null, \"payment_type_id\": \"ticket\", \"processing_mode\": \"aggregator\", \"shipping_amount\": 0, \"counter_currency\": null, \"deduction_schema\": null, \"notification_url\": null, \"date_last_updated\": \"2024-11-27T19:43:24.726-04:00\", \"marketplace_owner\": null, \"payment_method_id\": \"pagofacil\", \"authorization_code\": null, \"date_of_expiration\": \"2024-12-17T22:59:59.000-04:00\", \"external_reference\": null, \"money_release_date\": null, \"transaction_amount\": 59619, \"merchant_account_id\": null, \"transaction_details\": {\"barcode\": {\"type\": \"Code128C\", \"width\": 1, \"height\": 30, \"content\": \"3335008800000000006005456582105961900243322019\"}, \"digitable_line\": null, \"overpaid_amount\": 0, \"total_paid_amount\": 59619, \"verification_code\": \"6005456582\", \"acquirer_reference\": \"\", \"installment_amount\": 0, \"net_received_amount\": 0, \"external_resource_url\": \"https://www.mercadopago.com.ar/sandbox/payments/1320410448/ticket?caller_id=1509763883&payment_method_id=pagofacil&payment_id=1320410448&payment_method_reference_id=6005456582&hash=cdf47d18-a906-4eb7-9f7d-57033f5b6941\", \"financial_institution\": \"\", \"payable_deferral_period\": null, \"payment_method_reference_id\": \"6005456582\"}, \"money_release_schema\": null, \"money_release_status\": \"pending\", \"point_of_interaction\": {\"type\": \"UNSPECIFIED\", \"business_info\": {\"unit\": \"online_payments\", \"branch\": null, \"sub_unit\": \"sdk\"}}, \"statement_descriptor\": null, \"call_for_authorize_id\": null, \"acquirer_reconciliation\": [], \"differential_pricing_id\": null, \"transaction_amount_refunded\": 0}','2024-11-27 23:43:25.196','2024-11-27 23:43:26.674'),('cm40jbjtz0006xyad2kh998pa','cm40jbjtu0002xyad816s1g33','pagofacil','2024-12-18 02:59:59.000','{\"barcode\": {\"type\": \"Code128C\", \"width\": 1, \"height\": 30, \"content\": \"3335008800000000006005456588105961900243322025\"}, \"digitable_line\": null, \"overpaid_amount\": 0, \"total_paid_amount\": 59619, \"verification_code\": \"6005456588\", \"acquirer_reference\": \"\", \"installment_amount\": 0, \"net_received_amount\": 0, \"external_resource_url\": \"https://www.mercadopago.com.ar/sandbox/payments/1320412358/ticket?caller_id=1509763883&payment_method_id=pagofacil&payment_id=1320412358&payment_method_reference_id=6005456588&hash=ac87439d-daf4-49e9-84bf-0f83dae42045\", \"financial_institution\": \"\", \"payable_deferral_period\": null, \"payment_method_reference_id\": \"6005456588\"}','{\"id\": 1320412358, \"card\": {}, \"tags\": null, \"order\": {}, \"payer\": {\"id\": \"1509763883\", \"type\": null, \"email\": null, \"phone\": {\"number\": null, \"area_code\": null, \"extension\": null}, \"last_name\": null, \"first_name\": null, \"entity_type\": null, \"identification\": {\"type\": null, \"number\": null}}, \"pos_id\": null, \"status\": \"pending\", \"barcode\": {\"type\": \"Code128C\", \"width\": 1, \"height\": 30, \"content\": \"3335008800000000006005456588105961900243322025\"}, \"refunds\": [], \"brand_id\": null, \"captured\": true, \"metadata\": {\"cart_id\": \"cm37vd4va000388iz5faldv7a\", \"user_id\": \"cm37vd4va000288izk8d1el1w\", \"preference_id\": \"616318703-fbb3aa23-8168-49ba-bada-72a353566837\"}, \"store_id\": null, \"issuer_id\": \"11\", \"live_mode\": false, \"sponsor_id\": null, \"binary_mode\": false, \"currency_id\": \"ARS\", \"description\": \"Compra en Solymar Hogar\", \"fee_details\": [], \"platform_id\": null, \"collector_id\": 616318703, \"date_created\": \"2024-11-27T19:46:30.561-04:00\", \"installments\": 1, \"release_info\": null, \"taxes_amount\": 0, \"accounts_info\": null, \"build_version\": \"3.80.0-rc-2\", \"coupon_amount\": 0, \"date_approved\": null, \"integrator_id\": null, \"status_detail\": \"pending_waiting_payment\", \"corporation_id\": null, \"operation_type\": \"regular_payment\", \"payment_method\": {\"id\": \"pagofacil\", \"data\": {}, \"type\": \"ticket\", \"issuer_id\": \"11\", \"forward_data\": {\"ticket_number\": \"\", \"agreement_number\": \"\"}}, \"additional_info\": {\"items\": [{\"id\": \"62eaa0ed-9d85-11ef-a1b8-fc3497c3e354\", \"title\": \"Auricular Foxbox Tws\", \"quantity\": \"1\", \"unit_price\": \"59619\", \"category_id\": \"electronics\", \"description\": \"Mood 6hrs Cancelación De Ruido Bt5.1 Color Negro\", \"picture_url\": null}], \"nsu_processadora\": null, \"available_balance\": null, \"authentication_code\": null}, \"charges_details\": [{\"id\": \"1320412358-001\", \"name\": \"mercadopago_fee\", \"type\": \"fee\", \"amounts\": {\"original\": 2444.38, \"refunded\": 0}, \"accounts\": {\"to\": \"mp\", \"from\": \"collector\"}, \"metadata\": {\"source\": \"rule-engine\"}, \"client_id\": 0, \"reserve_id\": null, \"date_created\": \"2024-11-27T19:46:30.000-04:00\", \"last_updated\": \"2024-11-27T19:46:30.000-04:00\", \"refund_charges\": []}], \"financing_group\": null, \"merchant_number\": null, \"payment_type_id\": \"ticket\", \"processing_mode\": \"aggregator\", \"shipping_amount\": 0, \"counter_currency\": null, \"deduction_schema\": null, \"notification_url\": null, \"date_last_updated\": \"2024-11-27T19:46:30.561-04:00\", \"marketplace_owner\": null, \"payment_method_id\": \"pagofacil\", \"authorization_code\": null, \"date_of_expiration\": \"2024-12-17T22:59:59.000-04:00\", \"external_reference\": null, \"money_release_date\": null, \"transaction_amount\": 59619, \"merchant_account_id\": null, \"transaction_details\": {\"barcode\": {\"type\": \"Code128C\", \"width\": 1, \"height\": 30, \"content\": \"3335008800000000006005456588105961900243322025\"}, \"digitable_line\": null, \"overpaid_amount\": 0, \"total_paid_amount\": 59619, \"verification_code\": \"6005456588\", \"acquirer_reference\": \"\", \"installment_amount\": 0, \"net_received_amount\": 0, \"external_resource_url\": \"https://www.mercadopago.com.ar/sandbox/payments/1320412358/ticket?caller_id=1509763883&payment_method_id=pagofacil&payment_id=1320412358&payment_method_reference_id=6005456588&hash=ac87439d-daf4-49e9-84bf-0f83dae42045\", \"financial_institution\": \"\", \"payable_deferral_period\": null, \"payment_method_reference_id\": \"6005456588\"}, \"money_release_schema\": null, \"money_release_status\": \"pending\", \"point_of_interaction\": {\"type\": \"UNSPECIFIED\", \"business_info\": {\"unit\": \"online_payments\", \"branch\": null, \"sub_unit\": \"sdk\"}}, \"statement_descriptor\": null, \"call_for_authorize_id\": null, \"acquirer_reconciliation\": [], \"differential_pricing_id\": null, \"transaction_amount_refunded\": 0}','2024-11-27 23:46:31.073','2024-11-27 23:46:32.660'),('cm40jfr490006bvzer68sk96g','cm40jfr450002bvzee01t28kg','pagofacil','2024-12-18 02:59:59.000','{\"barcode\": {\"type\": \"Code128C\", \"width\": 1, \"height\": 30, \"content\": \"3335008800000000006005456590105961900243322072\"}, \"digitable_line\": null, \"overpaid_amount\": 0, \"total_paid_amount\": 59619, \"verification_code\": \"6005456590\", \"acquirer_reference\": \"\", \"installment_amount\": 0, \"net_received_amount\": 0, \"external_resource_url\": \"https://www.mercadopago.com.ar/sandbox/payments/1320412402/ticket?caller_id=1509763883&payment_method_id=pagofacil&payment_id=1320412402&payment_method_reference_id=6005456590&hash=1b9493ba-f4f2-4bee-968b-771d81be4eec\", \"financial_institution\": \"\", \"payable_deferral_period\": null, \"payment_method_reference_id\": \"6005456590\"}','{\"id\": 1320412402, \"card\": {}, \"tags\": null, \"order\": {}, \"payer\": {\"id\": \"1509763883\", \"type\": null, \"email\": null, \"phone\": {\"number\": null, \"area_code\": null, \"extension\": null}, \"last_name\": null, \"first_name\": null, \"entity_type\": null, \"identification\": {\"type\": null, \"number\": null}}, \"pos_id\": null, \"status\": \"pending\", \"barcode\": {\"type\": \"Code128C\", \"width\": 1, \"height\": 30, \"content\": \"3335008800000000006005456590105961900243322072\"}, \"refunds\": [], \"brand_id\": null, \"captured\": true, \"metadata\": {\"cart_id\": \"cm37vd4va000388iz5faldv7a\", \"user_id\": \"cm37vd4va000288izk8d1el1w\", \"preference_id\": \"616318703-34f4f87b-7c53-49b0-9dba-e4f5fd9da2fd\"}, \"store_id\": null, \"issuer_id\": \"11\", \"live_mode\": false, \"sponsor_id\": null, \"binary_mode\": false, \"currency_id\": \"ARS\", \"description\": \"Compra en Solymar Hogar\", \"fee_details\": [], \"platform_id\": null, \"collector_id\": 616318703, \"date_created\": \"2024-11-27T19:49:46.594-04:00\", \"installments\": 1, \"release_info\": null, \"taxes_amount\": 0, \"accounts_info\": null, \"build_version\": \"3.80.0-rc-2\", \"coupon_amount\": 0, \"date_approved\": null, \"integrator_id\": null, \"status_detail\": \"pending_waiting_payment\", \"corporation_id\": null, \"operation_type\": \"regular_payment\", \"payment_method\": {\"id\": \"pagofacil\", \"data\": {}, \"type\": \"ticket\", \"issuer_id\": \"11\", \"forward_data\": {\"ticket_number\": \"\", \"agreement_number\": \"\"}}, \"additional_info\": {\"items\": [{\"id\": \"62eaa0ed-9d85-11ef-a1b8-fc3497c3e354\", \"title\": \"Auricular Foxbox Tws\", \"quantity\": \"1\", \"unit_price\": \"59619\", \"category_id\": \"electronics\", \"description\": \"Mood 6hrs Cancelación De Ruido Bt5.1 Color Negro\", \"picture_url\": null}], \"nsu_processadora\": null, \"available_balance\": null, \"authentication_code\": null}, \"charges_details\": [{\"id\": \"1320412402-001\", \"name\": \"mercadopago_fee\", \"type\": \"fee\", \"amounts\": {\"original\": 2444.38, \"refunded\": 0}, \"accounts\": {\"to\": \"mp\", \"from\": \"collector\"}, \"metadata\": {\"source\": \"rule-engine\"}, \"client_id\": 0, \"reserve_id\": null, \"date_created\": \"2024-11-27T19:49:46.000-04:00\", \"last_updated\": \"2024-11-27T19:49:46.000-04:00\", \"refund_charges\": []}], \"financing_group\": null, \"merchant_number\": null, \"payment_type_id\": \"ticket\", \"processing_mode\": \"aggregator\", \"shipping_amount\": 0, \"counter_currency\": null, \"deduction_schema\": null, \"notification_url\": null, \"date_last_updated\": \"2024-11-27T19:49:46.594-04:00\", \"marketplace_owner\": null, \"payment_method_id\": \"pagofacil\", \"authorization_code\": null, \"date_of_expiration\": \"2024-12-17T22:59:59.000-04:00\", \"external_reference\": null, \"money_release_date\": null, \"transaction_amount\": 59619, \"merchant_account_id\": null, \"transaction_details\": {\"barcode\": {\"type\": \"Code128C\", \"width\": 1, \"height\": 30, \"content\": \"3335008800000000006005456590105961900243322072\"}, \"digitable_line\": null, \"overpaid_amount\": 0, \"total_paid_amount\": 59619, \"verification_code\": \"6005456590\", \"acquirer_reference\": \"\", \"installment_amount\": 0, \"net_received_amount\": 0, \"external_resource_url\": \"https://www.mercadopago.com.ar/sandbox/payments/1320412402/ticket?caller_id=1509763883&payment_method_id=pagofacil&payment_id=1320412402&payment_method_reference_id=6005456590&hash=1b9493ba-f4f2-4bee-968b-771d81be4eec\", \"financial_institution\": \"\", \"payable_deferral_period\": null, \"payment_method_reference_id\": \"6005456590\"}, \"money_release_schema\": null, \"money_release_status\": \"pending\", \"point_of_interaction\": {\"type\": \"UNSPECIFIED\", \"business_info\": {\"unit\": \"online_payments\", \"branch\": null, \"sub_unit\": \"sdk\"}}, \"statement_descriptor\": null, \"call_for_authorize_id\": null, \"acquirer_reconciliation\": [], \"differential_pricing_id\": null, \"transaction_amount_refunded\": 0}','2024-11-27 23:49:47.140','2024-11-27 23:49:48.672'),('cm40jiz3b0006ifougzh4a5yj','cm40jiz370002ifouhhbsfd8e','pagofacil','2024-12-18 02:59:59.000','{\"barcode\": {\"type\": \"Code128C\", \"width\": 1, \"height\": 30, \"content\": \"3335008800000000006005456596105961900243322087\"}, \"digitable_line\": null, \"overpaid_amount\": 0, \"total_paid_amount\": 59619, \"verification_code\": \"6005456596\", \"acquirer_reference\": \"\", \"installment_amount\": 0, \"net_received_amount\": 0, \"external_resource_url\": \"https://www.mercadopago.com.ar/sandbox/payments/1320412462/ticket?caller_id=1509763883&payment_method_id=pagofacil&payment_id=1320412462&payment_method_reference_id=6005456596&hash=21f8683a-ff0c-4766-b4d9-7cbe4c38d3c0\", \"financial_institution\": \"\", \"payable_deferral_period\": null, \"payment_method_reference_id\": \"6005456596\"}','{\"id\": 1320412462, \"card\": {}, \"tags\": null, \"order\": {}, \"payer\": {\"id\": \"1509763883\", \"type\": null, \"email\": null, \"phone\": {\"number\": null, \"area_code\": null, \"extension\": null}, \"last_name\": null, \"first_name\": null, \"entity_type\": null, \"identification\": {\"type\": null, \"number\": null}}, \"pos_id\": null, \"status\": \"pending\", \"barcode\": {\"type\": \"Code128C\", \"width\": 1, \"height\": 30, \"content\": \"3335008800000000006005456596105961900243322087\"}, \"refunds\": [], \"brand_id\": null, \"captured\": true, \"metadata\": {\"cart_id\": \"cm37vd4va000388iz5faldv7a\", \"user_id\": \"cm37vd4va000288izk8d1el1w\", \"preference_id\": \"616318703-814f7a69-d70b-4425-82f2-b0e694bfab67\"}, \"store_id\": null, \"issuer_id\": \"11\", \"live_mode\": false, \"sponsor_id\": null, \"binary_mode\": false, \"currency_id\": \"ARS\", \"description\": \"Compra en Solymar Hogar\", \"fee_details\": [], \"platform_id\": null, \"collector_id\": 616318703, \"date_created\": \"2024-11-27T19:52:16.967-04:00\", \"installments\": 1, \"release_info\": null, \"taxes_amount\": 0, \"accounts_info\": null, \"build_version\": \"3.80.0-rc-2\", \"coupon_amount\": 0, \"date_approved\": null, \"integrator_id\": null, \"status_detail\": \"pending_waiting_payment\", \"corporation_id\": null, \"operation_type\": \"regular_payment\", \"payment_method\": {\"id\": \"pagofacil\", \"data\": {}, \"type\": \"ticket\", \"issuer_id\": \"11\", \"forward_data\": {\"ticket_number\": \"\", \"agreement_number\": \"\"}}, \"additional_info\": {\"items\": [{\"id\": \"62eaa0ed-9d85-11ef-a1b8-fc3497c3e354\", \"title\": \"Auricular Foxbox Tws\", \"quantity\": \"1\", \"unit_price\": \"59619\", \"category_id\": \"electronics\", \"description\": \"Mood 6hrs Cancelación De Ruido Bt5.1 Color Negro\", \"picture_url\": null}], \"nsu_processadora\": null, \"available_balance\": null, \"authentication_code\": null}, \"charges_details\": [{\"id\": \"1320412462-001\", \"name\": \"mercadopago_fee\", \"type\": \"fee\", \"amounts\": {\"original\": 2444.38, \"refunded\": 0}, \"accounts\": {\"to\": \"mp\", \"from\": \"collector\"}, \"metadata\": {\"source\": \"rule-engine\"}, \"client_id\": 0, \"reserve_id\": null, \"date_created\": \"2024-11-27T19:52:16.000-04:00\", \"last_updated\": \"2024-11-27T19:52:16.000-04:00\", \"refund_charges\": []}], \"financing_group\": null, \"merchant_number\": null, \"payment_type_id\": \"ticket\", \"processing_mode\": \"aggregator\", \"shipping_amount\": 0, \"counter_currency\": null, \"deduction_schema\": null, \"notification_url\": null, \"date_last_updated\": \"2024-11-27T19:52:16.967-04:00\", \"marketplace_owner\": null, \"payment_method_id\": \"pagofacil\", \"authorization_code\": null, \"date_of_expiration\": \"2024-12-17T22:59:59.000-04:00\", \"external_reference\": null, \"money_release_date\": null, \"transaction_amount\": 59619, \"merchant_account_id\": null, \"transaction_details\": {\"barcode\": {\"type\": \"Code128C\", \"width\": 1, \"height\": 30, \"content\": \"3335008800000000006005456596105961900243322087\"}, \"digitable_line\": null, \"overpaid_amount\": 0, \"total_paid_amount\": 59619, \"verification_code\": \"6005456596\", \"acquirer_reference\": \"\", \"installment_amount\": 0, \"net_received_amount\": 0, \"external_resource_url\": \"https://www.mercadopago.com.ar/sandbox/payments/1320412462/ticket?caller_id=1509763883&payment_method_id=pagofacil&payment_id=1320412462&payment_method_reference_id=6005456596&hash=21f8683a-ff0c-4766-b4d9-7cbe4c38d3c0\", \"financial_institution\": \"\", \"payable_deferral_period\": null, \"payment_method_reference_id\": \"6005456596\"}, \"money_release_schema\": null, \"money_release_status\": \"pending\", \"point_of_interaction\": {\"type\": \"UNSPECIFIED\", \"business_info\": {\"unit\": \"online_payments\", \"branch\": null, \"sub_unit\": \"sdk\"}}, \"statement_descriptor\": null, \"call_for_authorize_id\": null, \"acquirer_reconciliation\": [], \"differential_pricing_id\": null, \"transaction_amount_refunded\": 0}','2024-11-27 23:52:17.441','2024-11-27 23:52:18.900'),('cm40jrgtk000jifoufwor3ji8','cm40jrgtg000fifoudmzvqowb','pagofacil','2024-12-18 02:59:59.000','{\"barcode\": {\"type\": \"Code128C\", \"width\": 1, \"height\": 30, \"content\": \"3335008800000000006005456598116696100243322055\"}, \"digitable_line\": null, \"overpaid_amount\": 0, \"total_paid_amount\": 166961, \"verification_code\": \"6005456598\", \"acquirer_reference\": \"\", \"installment_amount\": 0, \"net_received_amount\": 0, \"external_resource_url\": \"https://www.mercadopago.com.ar/sandbox/payments/1320410662/ticket?caller_id=1509763883&payment_method_id=pagofacil&payment_id=1320410662&payment_method_reference_id=6005456598&hash=ce7f4f56-0189-405f-b1bf-e63672ad82c5\", \"financial_institution\": \"\", \"payable_deferral_period\": null, \"payment_method_reference_id\": \"6005456598\"}','{\"id\": 1320410662, \"card\": {}, \"tags\": null, \"order\": {}, \"payer\": {\"id\": \"1509763883\", \"type\": null, \"email\": null, \"phone\": {\"number\": null, \"area_code\": null, \"extension\": null}, \"last_name\": null, \"first_name\": null, \"entity_type\": null, \"identification\": {\"type\": null, \"number\": null}}, \"pos_id\": null, \"status\": \"pending\", \"barcode\": {\"type\": \"Code128C\", \"width\": 1, \"height\": 30, \"content\": \"3335008800000000006005456598116696100243322055\"}, \"refunds\": [], \"brand_id\": null, \"captured\": true, \"metadata\": {\"cart_id\": \"cm37vd4va000388iz5faldv7a\", \"user_id\": \"cm37vd4va000288izk8d1el1w\", \"preference_id\": \"616318703-5f67d8d1-8dba-4101-8fb9-00726865f2de\"}, \"store_id\": null, \"issuer_id\": \"11\", \"live_mode\": false, \"sponsor_id\": null, \"binary_mode\": false, \"currency_id\": \"ARS\", \"description\": \"Compra en Solymar Hogar\", \"fee_details\": [], \"platform_id\": null, \"collector_id\": 616318703, \"date_created\": \"2024-11-27T19:58:53.066-04:00\", \"installments\": 1, \"release_info\": null, \"taxes_amount\": 0, \"accounts_info\": null, \"build_version\": \"3.80.0-rc-2\", \"coupon_amount\": 0, \"date_approved\": null, \"integrator_id\": null, \"status_detail\": \"pending_waiting_payment\", \"corporation_id\": null, \"operation_type\": \"regular_payment\", \"payment_method\": {\"id\": \"pagofacil\", \"data\": {}, \"type\": \"ticket\", \"issuer_id\": \"11\", \"forward_data\": {\"ticket_number\": \"\", \"agreement_number\": \"\"}}, \"additional_info\": {\"items\": [{\"id\": \"b01dc704-9d86-11ef-a1b8-fc3497c3e354\", \"title\": \"Noblex N52\", \"quantity\": \"1\", \"unit_price\": \"166961\", \"category_id\": \"electronics\", \"description\": \"Dual SIM 64 GB\", \"picture_url\": null}], \"nsu_processadora\": null, \"available_balance\": null, \"authentication_code\": null}, \"charges_details\": [{\"id\": \"1320410662-001\", \"name\": \"mercadopago_fee\", \"type\": \"fee\", \"amounts\": {\"original\": 6845.4, \"refunded\": 0}, \"accounts\": {\"to\": \"mp\", \"from\": \"collector\"}, \"metadata\": {\"source\": \"rule-engine\"}, \"client_id\": 0, \"reserve_id\": null, \"date_created\": \"2024-11-27T19:58:53.000-04:00\", \"last_updated\": \"2024-11-27T19:58:53.000-04:00\", \"refund_charges\": []}], \"financing_group\": null, \"merchant_number\": null, \"payment_type_id\": \"ticket\", \"processing_mode\": \"aggregator\", \"shipping_amount\": 0, \"counter_currency\": null, \"deduction_schema\": null, \"notification_url\": null, \"date_last_updated\": \"2024-11-27T19:58:53.066-04:00\", \"marketplace_owner\": null, \"payment_method_id\": \"pagofacil\", \"authorization_code\": null, \"date_of_expiration\": \"2024-12-17T22:59:59.000-04:00\", \"external_reference\": null, \"money_release_date\": null, \"transaction_amount\": 166961, \"merchant_account_id\": null, \"transaction_details\": {\"barcode\": {\"type\": \"Code128C\", \"width\": 1, \"height\": 30, \"content\": \"3335008800000000006005456598116696100243322055\"}, \"digitable_line\": null, \"overpaid_amount\": 0, \"total_paid_amount\": 166961, \"verification_code\": \"6005456598\", \"acquirer_reference\": \"\", \"installment_amount\": 0, \"net_received_amount\": 0, \"external_resource_url\": \"https://www.mercadopago.com.ar/sandbox/payments/1320410662/ticket?caller_id=1509763883&payment_method_id=pagofacil&payment_id=1320410662&payment_method_reference_id=6005456598&hash=ce7f4f56-0189-405f-b1bf-e63672ad82c5\", \"financial_institution\": \"\", \"payable_deferral_period\": null, \"payment_method_reference_id\": \"6005456598\"}, \"money_release_schema\": null, \"money_release_status\": \"pending\", \"point_of_interaction\": {\"type\": \"UNSPECIFIED\", \"business_info\": {\"unit\": \"online_payments\", \"branch\": null, \"sub_unit\": \"sdk\"}}, \"statement_descriptor\": null, \"call_for_authorize_id\": null, \"acquirer_reconciliation\": [], \"differential_pricing_id\": null, \"transaction_amount_refunded\": 0}','2024-11-27 23:58:53.667','2024-11-27 23:58:55.011'),('cm41ec3ry0008er7b9dp6jhn9','cm41ec3rs0004er7bs9l9ro2b','master',NULL,'{\"overpaid_amount\": 0, \"total_paid_amount\": 142849.39, \"acquirer_reference\": null, \"installment_amount\": 23808.23, \"net_received_amount\": 100685.41, \"external_resource_url\": null, \"financial_institution\": null, \"payable_deferral_period\": null, \"payment_method_reference_id\": null}','{\"id\": 1328552331, \"card\": {\"id\": null, \"tags\": null, \"country\": null, \"cardholder\": {\"name\": \"APRO\", \"identification\": {\"type\": \"DNI\", \"number\": \"12345678\"}}, \"date_created\": \"2024-11-28T10:14:44.000-04:00\", \"expiration_year\": 2025, \"expiration_month\": 11, \"first_six_digits\": \"503175\", \"last_four_digits\": \"0604\", \"date_last_updated\": \"2024-11-28T10:14:44.000-04:00\"}, \"tags\": null, \"order\": {}, \"payer\": {\"id\": \"1855412625\", \"type\": null, \"email\": \"test_user_80507629@testuser.com\", \"phone\": {\"number\": null, \"area_code\": null, \"extension\": null}, \"last_name\": null, \"first_name\": null, \"entity_type\": null, \"identification\": {\"type\": \"DNI\", \"number\": \"32659430\"}}, \"pos_id\": null, \"status\": \"approved\", \"refunds\": [], \"brand_id\": null, \"captured\": true, \"metadata\": {\"cart_id\": \"cm3s36mr3000mz9wn70eyhed3\", \"user_id\": \"cm3s36mr3000lz9wngtidwie7\", \"preference_id\": \"616318703-af9a57b0-43ac-40d9-94e9-74839c452c17\"}, \"store_id\": null, \"issuer_id\": \"3\", \"live_mode\": false, \"sponsor_id\": null, \"binary_mode\": false, \"currency_id\": \"ARS\", \"description\": \"Compra en Solymar Hogar\", \"fee_details\": [{\"type\": \"financing_fee\", \"amount\": 37859.39, \"fee_payer\": \"payer\"}, {\"type\": \"mercadopago_fee\", \"amount\": 4304.59, \"fee_payer\": \"collector\"}], \"platform_id\": null, \"collector_id\": 616318703, \"date_created\": \"2024-11-28T10:14:44.077-04:00\", \"installments\": 6, \"release_info\": null, \"taxes_amount\": 0, \"accounts_info\": null, \"build_version\": \"3.80.0-rc-2\", \"coupon_amount\": 0, \"date_approved\": \"2024-11-28T10:14:44.580-04:00\", \"integrator_id\": null, \"status_detail\": \"accredited\", \"corporation_id\": null, \"operation_type\": \"regular_payment\", \"payment_method\": {\"id\": \"master\", \"data\": {\"routing_data\": {\"merchant_account_id\": \"5927925591444\"}}, \"type\": \"prepaid_card\", \"issuer_id\": \"3\"}, \"additional_info\": {\"items\": [{\"id\": \"c1f96896-9d85-11ef-a1b8-fc3497c3e354\", \"title\": \"Tablet con funda Positivo BGH\", \"quantity\": \"1\", \"unit_price\": \"104990\", \"category_id\": \"electronics\", \"description\": \"Twist Tab T790 7\\\" 32GB color negro/naranja 2GB dememoria RAM y 2GB de memoria RAM\", \"picture_url\": null}], \"nsu_processadora\": null, \"available_balance\": null, \"authentication_code\": null}, \"charges_details\": [{\"id\": \"1328552331-001\", \"name\": \"mercadopago_fee\", \"type\": \"fee\", \"amounts\": {\"original\": 4304.59, \"refunded\": 0}, \"accounts\": {\"to\": \"mp\", \"from\": \"collector\"}, \"metadata\": {\"source\": \"rule-engine\"}, \"client_id\": 0, \"reserve_id\": null, \"date_created\": \"2024-11-28T10:14:44.000-04:00\", \"last_updated\": \"2024-11-28T10:14:44.000-04:00\", \"refund_charges\": []}, {\"id\": \"1328552331-002\", \"name\": \"financing_fee\", \"type\": \"fee\", \"amounts\": {\"original\": 37859.39, \"refunded\": 0}, \"accounts\": {\"to\": \"mp\", \"from\": \"payer\"}, \"metadata\": {\"source\": \"rule-engine\"}, \"client_id\": 0, \"reserve_id\": null, \"date_created\": \"2024-11-28T10:14:44.000-04:00\", \"last_updated\": \"2024-11-28T10:14:44.000-04:00\", \"refund_charges\": []}], \"financing_group\": null, \"merchant_number\": null, \"payment_type_id\": \"prepaid_card\", \"processing_mode\": \"aggregator\", \"shipping_amount\": 0, \"counter_currency\": null, \"deduction_schema\": null, \"notification_url\": null, \"date_last_updated\": \"2024-11-28T10:14:44.580-04:00\", \"marketplace_owner\": null, \"payment_method_id\": \"master\", \"authorization_code\": \"301299\", \"date_of_expiration\": null, \"external_reference\": null, \"money_release_date\": \"2024-12-16T10:14:44.580-04:00\", \"transaction_amount\": 104990, \"merchant_account_id\": null, \"transaction_details\": {\"overpaid_amount\": 0, \"total_paid_amount\": 142849.39, \"acquirer_reference\": null, \"installment_amount\": 23808.23, \"net_received_amount\": 100685.41, \"external_resource_url\": null, \"financial_institution\": null, \"payable_deferral_period\": null, \"payment_method_reference_id\": null}, \"money_release_schema\": null, \"money_release_status\": \"pending\", \"point_of_interaction\": {\"type\": \"UNSPECIFIED\", \"business_info\": {\"unit\": \"online_payments\", \"branch\": null, \"sub_unit\": \"sdk\"}}, \"statement_descriptor\": \"Mercadopago*fake\", \"call_for_authorize_id\": null, \"acquirer_reconciliation\": [], \"differential_pricing_id\": null, \"transaction_amount_refunded\": 0}','2024-11-28 14:14:45.014','2024-11-28 14:14:46.733'),('cm41fggh3000ler7bvqdf2dbw','cm41fgggz000her7bkxkmewfc','debvisa',NULL,'{\"overpaid_amount\": 0, \"total_paid_amount\": 99000, \"acquirer_reference\": null, \"installment_amount\": 99000, \"net_received_amount\": 94941, \"external_resource_url\": null, \"financial_institution\": null, \"payable_deferral_period\": null, \"payment_method_reference_id\": null}','{\"id\": 1328552899, \"card\": {\"id\": null, \"tags\": null, \"country\": \"ARG\", \"cardholder\": {\"name\": \"APRO\", \"identification\": {\"type\": \"DNI\", \"number\": \"12345678\"}}, \"date_created\": \"2024-11-28T10:46:06.000-04:00\", \"expiration_year\": 2025, \"expiration_month\": 11, \"first_six_digits\": \"400276\", \"last_four_digits\": \"5619\", \"date_last_updated\": \"2024-11-28T10:46:06.000-04:00\"}, \"tags\": null, \"order\": {}, \"payer\": {\"id\": \"1855412625\", \"type\": null, \"email\": \"test_user_80507629@testuser.com\", \"phone\": {\"number\": null, \"area_code\": null, \"extension\": null}, \"last_name\": null, \"first_name\": null, \"entity_type\": null, \"identification\": {\"type\": \"DNI\", \"number\": \"32659430\"}}, \"pos_id\": null, \"status\": \"approved\", \"refunds\": [], \"brand_id\": null, \"captured\": true, \"metadata\": {\"cart_id\": \"cm3s36mr3000mz9wn70eyhed3\", \"user_id\": \"cm3s36mr3000lz9wngtidwie7\", \"preference_id\": \"616318703-564c9670-b36a-48ff-ac23-d0fb434a289f\"}, \"store_id\": null, \"issuer_id\": \"1\", \"live_mode\": false, \"sponsor_id\": null, \"binary_mode\": false, \"currency_id\": \"ARS\", \"description\": \"Compra en Solymar Hogar\", \"fee_details\": [{\"type\": \"mercadopago_fee\", \"amount\": 4059, \"fee_payer\": \"collector\"}], \"platform_id\": null, \"collector_id\": 616318703, \"date_created\": \"2024-11-28T10:46:06.851-04:00\", \"installments\": 1, \"release_info\": null, \"taxes_amount\": 0, \"accounts_info\": null, \"build_version\": \"3.80.0-rc-2\", \"coupon_amount\": 0, \"date_approved\": \"2024-11-28T10:46:07.381-04:00\", \"integrator_id\": null, \"status_detail\": \"accredited\", \"corporation_id\": null, \"operation_type\": \"regular_payment\", \"payment_method\": {\"id\": \"debvisa\", \"data\": {\"routing_data\": {\"merchant_account_id\": \"5924780738444\"}}, \"type\": \"debit_card\", \"issuer_id\": \"1\"}, \"additional_info\": {\"items\": [{\"id\": \"d62b0590-9d86-11ef-a1b8-fc3497c3e354\", \"title\": \"Smartwatch Fox Box\", \"quantity\": \"1\", \"unit_price\": \"99000\", \"category_id\": \"electronics\", \"description\": \"Neutron 3.0 2.04\", \"picture_url\": null}], \"nsu_processadora\": null, \"available_balance\": null, \"authentication_code\": null}, \"charges_details\": [{\"id\": \"1328552899-001\", \"name\": \"mercadopago_fee\", \"type\": \"fee\", \"amounts\": {\"original\": 4059, \"refunded\": 0}, \"accounts\": {\"to\": \"mp\", \"from\": \"collector\"}, \"metadata\": {\"source\": \"rule-engine\"}, \"client_id\": 0, \"reserve_id\": null, \"date_created\": \"2024-11-28T10:46:06.000-04:00\", \"last_updated\": \"2024-11-28T10:46:06.000-04:00\", \"refund_charges\": []}], \"financing_group\": null, \"merchant_number\": null, \"payment_type_id\": \"debit_card\", \"processing_mode\": \"aggregator\", \"shipping_amount\": 0, \"counter_currency\": null, \"deduction_schema\": null, \"notification_url\": null, \"date_last_updated\": \"2024-11-28T10:46:07.381-04:00\", \"marketplace_owner\": null, \"payment_method_id\": \"debvisa\", \"authorization_code\": \"301299\", \"date_of_expiration\": null, \"external_reference\": null, \"money_release_date\": \"2024-12-16T10:46:07.381-04:00\", \"transaction_amount\": 99000, \"merchant_account_id\": null, \"transaction_details\": {\"overpaid_amount\": 0, \"total_paid_amount\": 99000, \"acquirer_reference\": null, \"installment_amount\": 99000, \"net_received_amount\": 94941, \"external_resource_url\": null, \"financial_institution\": null, \"payable_deferral_period\": null, \"payment_method_reference_id\": null}, \"money_release_schema\": null, \"money_release_status\": \"pending\", \"point_of_interaction\": {\"type\": \"UNSPECIFIED\", \"business_info\": {\"unit\": \"online_payments\", \"branch\": null, \"sub_unit\": \"sdk\"}}, \"statement_descriptor\": \"Mercadopago*fake\", \"call_for_authorize_id\": null, \"acquirer_reconciliation\": [], \"differential_pricing_id\": null, \"transaction_amount_refunded\": 0}','2024-11-28 14:46:07.715','2024-11-28 14:46:09.261'),('cm41ftor9000yer7bhx9yijpw','cm41ftor5000uer7bm28svifb','debvisa',NULL,'{\"overpaid_amount\": 0, \"total_paid_amount\": 180999, \"acquirer_reference\": null, \"installment_amount\": 180999, \"net_received_amount\": 173578.04, \"external_resource_url\": null, \"financial_institution\": null, \"payable_deferral_period\": null, \"payment_method_reference_id\": null}','{\"id\": 1320417556, \"card\": {\"id\": null, \"tags\": null, \"country\": \"ARG\", \"cardholder\": {\"name\": \"APRO\", \"identification\": {\"type\": \"DNI\", \"number\": \"12345678\"}}, \"date_created\": \"2024-11-28T10:56:24.000-04:00\", \"expiration_year\": 2025, \"expiration_month\": 11, \"first_six_digits\": \"400276\", \"last_four_digits\": \"5619\", \"date_last_updated\": \"2024-11-28T10:56:24.000-04:00\"}, \"tags\": null, \"order\": {}, \"payer\": {\"id\": \"1855412625\", \"type\": null, \"email\": \"test_user_80507629@testuser.com\", \"phone\": {\"number\": null, \"area_code\": null, \"extension\": null}, \"last_name\": null, \"first_name\": null, \"entity_type\": null, \"identification\": {\"type\": \"DNI\", \"number\": \"32659430\"}}, \"pos_id\": null, \"status\": \"approved\", \"refunds\": [], \"brand_id\": null, \"captured\": true, \"metadata\": {\"cart_id\": \"cm3s36mr3000mz9wn70eyhed3\", \"user_id\": \"cm3s36mr3000lz9wngtidwie7\", \"preference_id\": \"616318703-b203b264-42c7-4ff8-97b0-a29a625eaccf\"}, \"store_id\": null, \"issuer_id\": \"1\", \"live_mode\": false, \"sponsor_id\": null, \"binary_mode\": false, \"currency_id\": \"ARS\", \"description\": \"Compra en Solymar Hogar\", \"fee_details\": [{\"type\": \"mercadopago_fee\", \"amount\": 7420.96, \"fee_payer\": \"collector\"}], \"platform_id\": null, \"collector_id\": 616318703, \"date_created\": \"2024-11-28T10:56:24.212-04:00\", \"installments\": 1, \"release_info\": null, \"taxes_amount\": 0, \"accounts_info\": null, \"build_version\": \"3.80.0-rc-2\", \"coupon_amount\": 0, \"date_approved\": \"2024-11-28T10:56:24.677-04:00\", \"integrator_id\": null, \"status_detail\": \"accredited\", \"corporation_id\": null, \"operation_type\": \"regular_payment\", \"payment_method\": {\"id\": \"debvisa\", \"data\": {\"routing_data\": {\"merchant_account_id\": \"5924780738444\"}}, \"type\": \"debit_card\", \"issuer_id\": \"1\"}, \"additional_info\": {\"items\": [{\"id\": \"564675c0-9d85-11ef-a1b8-fc3497c3e354\", \"title\": \"Tablet Positivo Bgh\", \"quantity\": \"1\", \"unit_price\": \"180999\", \"category_id\": \"electronics\", \"description\": \"64gb 2ram Pnk123457\", \"picture_url\": null}], \"nsu_processadora\": null, \"available_balance\": null, \"authentication_code\": null}, \"charges_details\": [{\"id\": \"1320417556-001\", \"name\": \"mercadopago_fee\", \"type\": \"fee\", \"amounts\": {\"original\": 7420.96, \"refunded\": 0}, \"accounts\": {\"to\": \"mp\", \"from\": \"collector\"}, \"metadata\": {\"source\": \"rule-engine\"}, \"client_id\": 0, \"reserve_id\": null, \"date_created\": \"2024-11-28T10:56:24.000-04:00\", \"last_updated\": \"2024-11-28T10:56:24.000-04:00\", \"refund_charges\": []}], \"financing_group\": null, \"merchant_number\": null, \"payment_type_id\": \"debit_card\", \"processing_mode\": \"aggregator\", \"shipping_amount\": 0, \"counter_currency\": null, \"deduction_schema\": null, \"notification_url\": null, \"date_last_updated\": \"2024-11-28T10:56:24.677-04:00\", \"marketplace_owner\": null, \"payment_method_id\": \"debvisa\", \"authorization_code\": \"301299\", \"date_of_expiration\": null, \"external_reference\": null, \"money_release_date\": \"2024-12-16T10:56:24.677-04:00\", \"transaction_amount\": 180999, \"merchant_account_id\": null, \"transaction_details\": {\"overpaid_amount\": 0, \"total_paid_amount\": 180999, \"acquirer_reference\": null, \"installment_amount\": 180999, \"net_received_amount\": 173578.04, \"external_resource_url\": null, \"financial_institution\": null, \"payable_deferral_period\": null, \"payment_method_reference_id\": null}, \"money_release_schema\": null, \"money_release_status\": \"pending\", \"point_of_interaction\": {\"type\": \"UNSPECIFIED\", \"business_info\": {\"unit\": \"online_payments\", \"branch\": null, \"sub_unit\": \"sdk\"}}, \"statement_descriptor\": \"Mercadopago*fake\", \"call_for_authorize_id\": null, \"acquirer_reconciliation\": [], \"differential_pricing_id\": null, \"transaction_amount_refunded\": 0}','2024-11-28 14:56:24.977','2024-11-28 15:16:03.888'),('cm41g3uma001der7bqujy6t19','cm41g3um60019er7brocchc3f','debvisa',NULL,'{\"overpaid_amount\": 0, \"total_paid_amount\": 180999, \"acquirer_reference\": null, \"installment_amount\": 180999, \"net_received_amount\": 173578.04, \"external_resource_url\": null, \"financial_institution\": null, \"payable_deferral_period\": null, \"payment_method_reference_id\": null}','{\"id\": 1320417696, \"card\": {\"id\": null, \"tags\": null, \"country\": \"ARG\", \"cardholder\": {\"name\": \"APRO\", \"identification\": {\"type\": \"DNI\", \"number\": \"12345678\"}}, \"date_created\": \"2024-11-28T11:04:18.000-04:00\", \"expiration_year\": 2025, \"expiration_month\": 11, \"first_six_digits\": \"400276\", \"last_four_digits\": \"5619\", \"date_last_updated\": \"2024-11-28T11:04:18.000-04:00\"}, \"tags\": null, \"order\": {}, \"payer\": {\"id\": \"1855412625\", \"type\": null, \"email\": \"test_user_80507629@testuser.com\", \"phone\": {\"number\": null, \"area_code\": null, \"extension\": null}, \"last_name\": null, \"first_name\": null, \"entity_type\": null, \"identification\": {\"type\": \"DNI\", \"number\": \"32659430\"}}, \"pos_id\": null, \"status\": \"approved\", \"refunds\": [], \"brand_id\": null, \"captured\": true, \"metadata\": {\"cart_id\": \"cm3s36mr3000mz9wn70eyhed3\", \"user_id\": \"cm3s36mr3000lz9wngtidwie7\", \"preference_id\": \"616318703-99f92f58-8819-4eb3-afc3-8cd70f0e3b63\"}, \"store_id\": null, \"issuer_id\": \"1\", \"live_mode\": false, \"sponsor_id\": null, \"binary_mode\": false, \"currency_id\": \"ARS\", \"description\": \"Compra en Solymar Hogar\", \"fee_details\": [{\"type\": \"mercadopago_fee\", \"amount\": 7420.96, \"fee_payer\": \"collector\"}], \"platform_id\": null, \"collector_id\": 616318703, \"date_created\": \"2024-11-28T11:04:18.337-04:00\", \"installments\": 1, \"release_info\": null, \"taxes_amount\": 0, \"accounts_info\": null, \"build_version\": \"3.80.0-rc-2\", \"coupon_amount\": 0, \"date_approved\": \"2024-11-28T11:04:18.848-04:00\", \"integrator_id\": null, \"status_detail\": \"accredited\", \"corporation_id\": null, \"operation_type\": \"regular_payment\", \"payment_method\": {\"id\": \"debvisa\", \"data\": {\"routing_data\": {\"merchant_account_id\": \"5924780738444\"}}, \"type\": \"debit_card\", \"issuer_id\": \"1\"}, \"additional_info\": {\"items\": [{\"id\": \"564675c0-9d85-11ef-a1b8-fc3497c3e354\", \"title\": \"Tablet Positivo Bgh\", \"quantity\": \"1\", \"unit_price\": \"180999\", \"category_id\": \"electronics\", \"description\": \"64gb 2ram Pnk123457\", \"picture_url\": null}], \"nsu_processadora\": null, \"available_balance\": null, \"authentication_code\": null}, \"charges_details\": [{\"id\": \"1320417696-001\", \"name\": \"mercadopago_fee\", \"type\": \"fee\", \"amounts\": {\"original\": 7420.96, \"refunded\": 0}, \"accounts\": {\"to\": \"mp\", \"from\": \"collector\"}, \"metadata\": {\"source\": \"rule-engine\"}, \"client_id\": 0, \"reserve_id\": null, \"date_created\": \"2024-11-28T11:04:18.000-04:00\", \"last_updated\": \"2024-11-28T11:04:18.000-04:00\", \"refund_charges\": []}], \"financing_group\": null, \"merchant_number\": null, \"payment_type_id\": \"debit_card\", \"processing_mode\": \"aggregator\", \"shipping_amount\": 0, \"counter_currency\": null, \"deduction_schema\": null, \"notification_url\": null, \"date_last_updated\": \"2024-11-28T11:04:18.848-04:00\", \"marketplace_owner\": null, \"payment_method_id\": \"debvisa\", \"authorization_code\": \"301299\", \"date_of_expiration\": null, \"external_reference\": null, \"money_release_date\": \"2024-12-16T11:04:18.848-04:00\", \"transaction_amount\": 180999, \"merchant_account_id\": null, \"transaction_details\": {\"overpaid_amount\": 0, \"total_paid_amount\": 180999, \"acquirer_reference\": null, \"installment_amount\": 180999, \"net_received_amount\": 173578.04, \"external_resource_url\": null, \"financial_institution\": null, \"payable_deferral_period\": null, \"payment_method_reference_id\": null}, \"money_release_schema\": null, \"money_release_status\": \"pending\", \"point_of_interaction\": {\"type\": \"UNSPECIFIED\", \"business_info\": {\"unit\": \"online_payments\", \"branch\": null, \"sub_unit\": \"sdk\"}}, \"statement_descriptor\": \"Mercadopago*fake\", \"call_for_authorize_id\": null, \"acquirer_reconciliation\": [], \"differential_pricing_id\": null, \"transaction_amount_refunded\": 0}','2024-11-28 15:04:19.133','2024-11-28 15:04:20.494'),('cm41go5xz001uer7bwue9t1i5','cm41go5xv001qer7bkqnz1dkm','master',NULL,'{\"overpaid_amount\": 0, \"total_paid_amount\": 227167.14, \"acquirer_reference\": null, \"installment_amount\": 37861.19, \"net_received_amount\": 160115.6, \"external_resource_url\": null, \"financial_institution\": null, \"payable_deferral_period\": null, \"payment_method_reference_id\": null}','{\"id\": 1320417916, \"card\": {\"id\": null, \"tags\": null, \"country\": null, \"cardholder\": {\"name\": \"APRO\", \"identification\": {\"type\": \"DNI\", \"number\": \"12345678\"}}, \"date_created\": \"2024-11-28T11:20:06.000-04:00\", \"expiration_year\": 2025, \"expiration_month\": 11, \"first_six_digits\": \"503175\", \"last_four_digits\": \"0604\", \"date_last_updated\": \"2024-11-28T11:20:06.000-04:00\"}, \"tags\": null, \"order\": {}, \"payer\": {\"id\": \"1509763883\", \"type\": null, \"email\": \"test_user_80507629@testuser.com\", \"phone\": {\"number\": null, \"area_code\": null, \"extension\": null}, \"last_name\": null, \"first_name\": null, \"entity_type\": null, \"identification\": {\"type\": \"DNI\", \"number\": \"32659430\"}}, \"pos_id\": null, \"status\": \"approved\", \"refunds\": [], \"brand_id\": null, \"captured\": true, \"metadata\": {\"cart_id\": \"cm37vd4va000388iz5faldv7a\", \"user_id\": \"cm37vd4va000288izk8d1el1w\", \"preference_id\": \"616318703-a01fa338-6b49-4989-a39c-fdd585fa8f00\"}, \"store_id\": null, \"issuer_id\": \"3\", \"live_mode\": false, \"sponsor_id\": null, \"binary_mode\": false, \"currency_id\": \"ARS\", \"description\": \"Compra en Solymar Hogar\", \"fee_details\": [{\"type\": \"financing_fee\", \"amount\": 60206.14, \"fee_payer\": \"payer\"}, {\"type\": \"mercadopago_fee\", \"amount\": 6845.4, \"fee_payer\": \"collector\"}], \"platform_id\": null, \"collector_id\": 616318703, \"date_created\": \"2024-11-28T11:20:06.201-04:00\", \"installments\": 6, \"release_info\": null, \"taxes_amount\": 0, \"accounts_info\": null, \"build_version\": \"3.80.0-rc-2\", \"coupon_amount\": 0, \"date_approved\": \"2024-11-28T11:20:06.652-04:00\", \"integrator_id\": null, \"status_detail\": \"accredited\", \"corporation_id\": null, \"operation_type\": \"regular_payment\", \"payment_method\": {\"id\": \"master\", \"data\": {\"routing_data\": {\"merchant_account_id\": \"5927925591444\"}}, \"type\": \"prepaid_card\", \"issuer_id\": \"3\"}, \"additional_info\": {\"items\": [{\"id\": \"b01dc704-9d86-11ef-a1b8-fc3497c3e354\", \"title\": \"Noblex N52\", \"quantity\": \"1\", \"unit_price\": \"166961\", \"category_id\": \"electronics\", \"description\": \"Dual SIM 64 GB\", \"picture_url\": null}], \"nsu_processadora\": null, \"available_balance\": null, \"authentication_code\": null}, \"charges_details\": [{\"id\": \"1320417916-001\", \"name\": \"mercadopago_fee\", \"type\": \"fee\", \"amounts\": {\"original\": 6845.4, \"refunded\": 0}, \"accounts\": {\"to\": \"mp\", \"from\": \"collector\"}, \"metadata\": {\"source\": \"rule-engine\"}, \"client_id\": 0, \"reserve_id\": null, \"date_created\": \"2024-11-28T11:20:06.000-04:00\", \"last_updated\": \"2024-11-28T11:20:06.000-04:00\", \"refund_charges\": []}, {\"id\": \"1320417916-002\", \"name\": \"financing_fee\", \"type\": \"fee\", \"amounts\": {\"original\": 60206.14, \"refunded\": 0}, \"accounts\": {\"to\": \"mp\", \"from\": \"payer\"}, \"metadata\": {\"source\": \"rule-engine\"}, \"client_id\": 0, \"reserve_id\": null, \"date_created\": \"2024-11-28T11:20:06.000-04:00\", \"last_updated\": \"2024-11-28T11:20:06.000-04:00\", \"refund_charges\": []}], \"financing_group\": null, \"merchant_number\": null, \"payment_type_id\": \"prepaid_card\", \"processing_mode\": \"aggregator\", \"shipping_amount\": 0, \"counter_currency\": null, \"deduction_schema\": null, \"notification_url\": null, \"date_last_updated\": \"2024-11-28T11:20:06.652-04:00\", \"marketplace_owner\": null, \"payment_method_id\": \"master\", \"authorization_code\": \"301299\", \"date_of_expiration\": null, \"external_reference\": null, \"money_release_date\": \"2024-12-16T11:20:06.652-04:00\", \"transaction_amount\": 166961, \"merchant_account_id\": null, \"transaction_details\": {\"overpaid_amount\": 0, \"total_paid_amount\": 227167.14, \"acquirer_reference\": null, \"installment_amount\": 37861.19, \"net_received_amount\": 160115.6, \"external_resource_url\": null, \"financial_institution\": null, \"payable_deferral_period\": null, \"payment_method_reference_id\": null}, \"money_release_schema\": null, \"money_release_status\": \"pending\", \"point_of_interaction\": {\"type\": \"UNSPECIFIED\", \"business_info\": {\"unit\": \"online_payments\", \"branch\": null, \"sub_unit\": \"sdk\"}}, \"statement_descriptor\": \"Mercadopago*fake\", \"call_for_authorize_id\": null, \"acquirer_reconciliation\": [], \"differential_pricing_id\": null, \"transaction_amount_refunded\": 0}','2024-11-28 15:20:06.931','2024-11-28 15:20:08.526'),('cm41gzn8w0027er7bxyk8u9gb','cm41gzn8q0023er7bkbj56mzp','master',NULL,'{\"overpaid_amount\": 0, \"total_paid_amount\": 67044.82, \"acquirer_reference\": null, \"installment_amount\": 22348.27, \"net_received_amount\": 52379.62, \"external_resource_url\": null, \"financial_institution\": null, \"payable_deferral_period\": null, \"payment_method_reference_id\": null}','{\"id\": 1328553489, \"card\": {\"id\": null, \"tags\": null, \"country\": null, \"cardholder\": {\"name\": \"APRO\", \"identification\": {\"type\": \"DNI\", \"number\": \"12345678\"}}, \"date_created\": \"2024-11-28T11:29:01.000-04:00\", \"expiration_year\": 2025, \"expiration_month\": 11, \"first_six_digits\": \"503175\", \"last_four_digits\": \"0604\", \"date_last_updated\": \"2024-11-28T11:29:01.000-04:00\"}, \"tags\": null, \"order\": {}, \"payer\": {\"id\": \"1855412625\", \"type\": null, \"email\": \"test_user_80507629@testuser.com\", \"phone\": {\"number\": null, \"area_code\": null, \"extension\": null}, \"last_name\": null, \"first_name\": null, \"entity_type\": null, \"identification\": {\"type\": \"DNI\", \"number\": \"32659430\"}}, \"pos_id\": null, \"status\": \"approved\", \"refunds\": [], \"brand_id\": null, \"captured\": true, \"metadata\": {\"cart_id\": \"cm3s36mr3000mz9wn70eyhed3\", \"user_id\": \"cm3s36mr3000lz9wngtidwie7\", \"preference_id\": \"616318703-55333892-b0a0-46cc-bb04-e650e2338af9\"}, \"store_id\": null, \"issuer_id\": \"3\", \"live_mode\": false, \"sponsor_id\": null, \"binary_mode\": false, \"currency_id\": \"ARS\", \"description\": \"Compra en Solymar Hogar\", \"fee_details\": [{\"type\": \"financing_fee\", \"amount\": 12425.82, \"fee_payer\": \"payer\"}, {\"type\": \"mercadopago_fee\", \"amount\": 2239.38, \"fee_payer\": \"collector\"}], \"platform_id\": null, \"collector_id\": 616318703, \"date_created\": \"2024-11-28T11:29:01.717-04:00\", \"installments\": 3, \"release_info\": null, \"taxes_amount\": 0, \"accounts_info\": null, \"build_version\": \"3.80.0-rc-2\", \"coupon_amount\": 0, \"date_approved\": \"2024-11-28T11:29:02.268-04:00\", \"integrator_id\": null, \"status_detail\": \"accredited\", \"corporation_id\": null, \"operation_type\": \"regular_payment\", \"payment_method\": {\"id\": \"master\", \"data\": {\"routing_data\": {\"merchant_account_id\": \"5927925591444\"}}, \"type\": \"prepaid_card\", \"issuer_id\": \"3\"}, \"additional_info\": {\"items\": [{\"id\": \"cm3t504jn0008kiybhnfs8jb4\", \"title\": \"Taladro Percutor Atornillador\", \"quantity\": \"1\", \"unit_price\": \"54619\", \"category_id\": \"cm3zanxye0003jk22i55corrw\", \"description\": \"Eléctrico de 13mm Black+Decker HD555 550W + accesorio 220V 50Hz\", \"picture_url\": null}], \"nsu_processadora\": null, \"available_balance\": null, \"authentication_code\": null}, \"charges_details\": [{\"id\": \"1328553489-001\", \"name\": \"mercadopago_fee\", \"type\": \"fee\", \"amounts\": {\"original\": 2239.38, \"refunded\": 0}, \"accounts\": {\"to\": \"mp\", \"from\": \"collector\"}, \"metadata\": {\"source\": \"rule-engine\"}, \"client_id\": 0, \"reserve_id\": null, \"date_created\": \"2024-11-28T11:29:01.000-04:00\", \"last_updated\": \"2024-11-28T11:29:01.000-04:00\", \"refund_charges\": []}, {\"id\": \"1328553489-002\", \"name\": \"financing_fee\", \"type\": \"fee\", \"amounts\": {\"original\": 12425.82, \"refunded\": 0}, \"accounts\": {\"to\": \"mp\", \"from\": \"payer\"}, \"metadata\": {\"source\": \"rule-engine\"}, \"client_id\": 0, \"reserve_id\": null, \"date_created\": \"2024-11-28T11:29:01.000-04:00\", \"last_updated\": \"2024-11-28T11:29:01.000-04:00\", \"refund_charges\": []}], \"financing_group\": null, \"merchant_number\": null, \"payment_type_id\": \"prepaid_card\", \"processing_mode\": \"aggregator\", \"shipping_amount\": 0, \"counter_currency\": null, \"deduction_schema\": null, \"notification_url\": null, \"date_last_updated\": \"2024-11-28T11:29:02.268-04:00\", \"marketplace_owner\": null, \"payment_method_id\": \"master\", \"authorization_code\": \"301299\", \"date_of_expiration\": null, \"external_reference\": null, \"money_release_date\": \"2024-12-16T11:29:02.268-04:00\", \"transaction_amount\": 54619, \"merchant_account_id\": null, \"transaction_details\": {\"overpaid_amount\": 0, \"total_paid_amount\": 67044.82, \"acquirer_reference\": null, \"installment_amount\": 22348.27, \"net_received_amount\": 52379.62, \"external_resource_url\": null, \"financial_institution\": null, \"payable_deferral_period\": null, \"payment_method_reference_id\": null}, \"money_release_schema\": null, \"money_release_status\": \"pending\", \"point_of_interaction\": {\"type\": \"UNSPECIFIED\", \"business_info\": {\"unit\": \"online_payments\", \"branch\": null, \"sub_unit\": \"sdk\"}}, \"statement_descriptor\": \"Mercadopago*fake\", \"call_for_authorize_id\": null, \"acquirer_reconciliation\": [], \"differential_pricing_id\": null, \"transaction_amount_refunded\": 0}','2024-11-28 15:29:02.569','2024-11-28 15:29:04.128'),('cm43528rr000a98tzycoh69ff','cm43528rm000698tz160qk04c','debmaster',NULL,'{\"overpaid_amount\": 0, \"total_paid_amount\": 92990, \"acquirer_reference\": null, \"installment_amount\": 92990, \"net_received_amount\": 89177.41, \"external_resource_url\": null, \"financial_institution\": null, \"payable_deferral_period\": null, \"payment_method_reference_id\": null}','{\"id\": 1328586085, \"card\": {\"id\": null, \"tags\": null, \"country\": \"ARG\", \"cardholder\": {\"name\": \"APRO\", \"identification\": {\"type\": \"DNI\", \"number\": \"12345678\"}}, \"date_created\": \"2024-11-29T15:30:39.000-04:00\", \"expiration_year\": 2025, \"expiration_month\": 11, \"first_six_digits\": \"528733\", \"last_four_digits\": \"3304\", \"date_last_updated\": \"2024-11-29T15:30:39.000-04:00\"}, \"tags\": null, \"order\": {}, \"payer\": {\"id\": \"1855412625\", \"type\": null, \"email\": \"test_user_80507629@testuser.com\", \"phone\": {\"number\": null, \"area_code\": null, \"extension\": null}, \"last_name\": null, \"first_name\": null, \"entity_type\": null, \"identification\": {\"type\": \"DNI\", \"number\": \"32659430\"}}, \"pos_id\": null, \"status\": \"approved\", \"refunds\": [], \"brand_id\": null, \"captured\": true, \"metadata\": {\"cart_id\": \"cm3s36mr3000mz9wn70eyhed3\", \"user_id\": \"cm3s36mr3000lz9wngtidwie7\", \"preference_id\": \"616318703-fcd2a194-7ccd-45c4-a83d-b13978c532f8\"}, \"store_id\": null, \"issuer_id\": \"3\", \"live_mode\": false, \"sponsor_id\": null, \"binary_mode\": false, \"currency_id\": \"ARS\", \"description\": \"Compra en Solymar Hogar\", \"fee_details\": [{\"type\": \"mercadopago_fee\", \"amount\": 3812.59, \"fee_payer\": \"collector\"}], \"platform_id\": null, \"collector_id\": 616318703, \"date_created\": \"2024-11-29T15:30:39.858-04:00\", \"installments\": 1, \"release_info\": null, \"taxes_amount\": 0, \"accounts_info\": null, \"build_version\": \"3.80.0-rc-2\", \"coupon_amount\": 0, \"date_approved\": \"2024-11-29T15:30:40.275-04:00\", \"integrator_id\": null, \"status_detail\": \"accredited\", \"corporation_id\": null, \"operation_type\": \"regular_payment\", \"payment_method\": {\"id\": \"debmaster\", \"data\": {\"routing_data\": {\"merchant_account_id\": \"5924780738444\"}}, \"type\": \"debit_card\", \"issuer_id\": \"3\"}, \"additional_info\": {\"items\": [{\"id\": \"e3ef2e60-9d86-11ef-a1b8-fc3497c3e354\", \"title\": \"Smartwatch Fox\", \"quantity\": \"1\", \"unit_price\": \"92990\", \"category_id\": \"cm3zapy22000bjk22jb4w5ext\", \"description\": \"Neon 3.0 1.43\", \"picture_url\": null}], \"nsu_processadora\": null, \"available_balance\": null, \"authentication_code\": null}, \"charges_details\": [{\"id\": \"1328586085-001\", \"name\": \"mercadopago_fee\", \"type\": \"fee\", \"amounts\": {\"original\": 3812.59, \"refunded\": 0}, \"accounts\": {\"to\": \"mp\", \"from\": \"collector\"}, \"metadata\": {\"source\": \"rule-engine\"}, \"client_id\": 0, \"reserve_id\": null, \"date_created\": \"2024-11-29T15:30:39.000-04:00\", \"last_updated\": \"2024-11-29T15:30:39.000-04:00\", \"refund_charges\": []}], \"financing_group\": null, \"merchant_number\": null, \"payment_type_id\": \"debit_card\", \"processing_mode\": \"aggregator\", \"shipping_amount\": 0, \"counter_currency\": null, \"deduction_schema\": null, \"notification_url\": null, \"date_last_updated\": \"2024-11-29T15:30:40.275-04:00\", \"marketplace_owner\": null, \"payment_method_id\": \"debmaster\", \"authorization_code\": \"301299\", \"date_of_expiration\": null, \"external_reference\": null, \"money_release_date\": \"2024-12-17T15:30:40.275-04:00\", \"transaction_amount\": 92990, \"merchant_account_id\": null, \"transaction_details\": {\"overpaid_amount\": 0, \"total_paid_amount\": 92990, \"acquirer_reference\": null, \"installment_amount\": 92990, \"net_received_amount\": 89177.41, \"external_resource_url\": null, \"financial_institution\": null, \"payable_deferral_period\": null, \"payment_method_reference_id\": null}, \"money_release_schema\": null, \"money_release_status\": \"pending\", \"point_of_interaction\": {\"type\": \"UNSPECIFIED\", \"business_info\": {\"unit\": \"online_payments\", \"branch\": null, \"sub_unit\": \"sdk\"}}, \"statement_descriptor\": \"Mercadopago*fake\", \"call_for_authorize_id\": null, \"acquirer_reconciliation\": [], \"differential_pricing_id\": null, \"transaction_amount_refunded\": 0}','2024-11-29 19:30:40.737','2024-11-29 19:51:48.555'),('cm435akaz000h98tzv6l4r58m','cm435akav000d98tz6svx6lax','master',NULL,'{\"overpaid_amount\": 0, \"total_paid_amount\": 114145.23, \"acquirer_reference\": null, \"installment_amount\": 38048.41, \"net_received_amount\": 89177.41, \"external_resource_url\": null, \"financial_institution\": null, \"payable_deferral_period\": null, \"payment_method_reference_id\": null}','{\"id\": 1320434320, \"card\": {\"id\": null, \"tags\": null, \"country\": null, \"cardholder\": {\"name\": \"APRO\", \"identification\": {\"type\": \"DNI\", \"number\": \"12345678\"}}, \"date_created\": \"2024-11-29T15:37:08.000-04:00\", \"expiration_year\": 2025, \"expiration_month\": 11, \"first_six_digits\": \"503175\", \"last_four_digits\": \"0604\", \"date_last_updated\": \"2024-11-29T15:37:08.000-04:00\"}, \"tags\": null, \"order\": {}, \"payer\": {\"id\": \"1855412625\", \"type\": null, \"email\": \"test_user_80507629@testuser.com\", \"phone\": {\"number\": null, \"area_code\": null, \"extension\": null}, \"last_name\": null, \"first_name\": null, \"entity_type\": null, \"identification\": {\"type\": \"DNI\", \"number\": \"32659430\"}}, \"pos_id\": null, \"status\": \"approved\", \"refunds\": [], \"brand_id\": null, \"captured\": true, \"metadata\": {\"cart_id\": \"cm3s36mr3000mz9wn70eyhed3\", \"user_id\": \"cm3s36mr3000lz9wngtidwie7\", \"preference_id\": \"616318703-21d86df2-af5e-4773-9e5a-72aa1c97f1bc\"}, \"store_id\": null, \"issuer_id\": \"3\", \"live_mode\": false, \"sponsor_id\": null, \"binary_mode\": false, \"currency_id\": \"ARS\", \"description\": \"Compra en Solymar Hogar\", \"fee_details\": [{\"type\": \"financing_fee\", \"amount\": 21155.23, \"fee_payer\": \"payer\"}, {\"type\": \"mercadopago_fee\", \"amount\": 3812.59, \"fee_payer\": \"collector\"}], \"platform_id\": null, \"collector_id\": 616318703, \"date_created\": \"2024-11-29T15:37:07.962-04:00\", \"installments\": 3, \"release_info\": null, \"taxes_amount\": 0, \"accounts_info\": null, \"build_version\": \"3.80.0-rc-2\", \"coupon_amount\": 0, \"date_approved\": \"2024-11-29T15:37:08.432-04:00\", \"integrator_id\": null, \"status_detail\": \"accredited\", \"corporation_id\": null, \"operation_type\": \"regular_payment\", \"payment_method\": {\"id\": \"master\", \"data\": {\"routing_data\": {\"merchant_account_id\": \"5927925591444\"}}, \"type\": \"prepaid_card\", \"issuer_id\": \"3\"}, \"additional_info\": {\"items\": [{\"id\": \"e3ef2e60-9d86-11ef-a1b8-fc3497c3e354\", \"title\": \"Smartwatch Fox\", \"quantity\": \"1\", \"unit_price\": \"92990\", \"category_id\": \"cm3zapy22000bjk22jb4w5ext\", \"description\": \"Neon 3.0 1.43\", \"picture_url\": null}], \"nsu_processadora\": null, \"available_balance\": null, \"authentication_code\": null}, \"charges_details\": [{\"id\": \"1320434320-001\", \"name\": \"mercadopago_fee\", \"type\": \"fee\", \"amounts\": {\"original\": 3812.59, \"refunded\": 0}, \"accounts\": {\"to\": \"mp\", \"from\": \"collector\"}, \"metadata\": {\"source\": \"rule-engine\"}, \"client_id\": 0, \"reserve_id\": null, \"date_created\": \"2024-11-29T15:37:07.000-04:00\", \"last_updated\": \"2024-11-29T15:37:07.000-04:00\", \"refund_charges\": []}, {\"id\": \"1320434320-002\", \"name\": \"financing_fee\", \"type\": \"fee\", \"amounts\": {\"original\": 21155.23, \"refunded\": 0}, \"accounts\": {\"to\": \"mp\", \"from\": \"payer\"}, \"metadata\": {\"source\": \"rule-engine\"}, \"client_id\": 0, \"reserve_id\": null, \"date_created\": \"2024-11-29T15:37:07.000-04:00\", \"last_updated\": \"2024-11-29T15:37:07.000-04:00\", \"refund_charges\": []}], \"financing_group\": null, \"merchant_number\": null, \"payment_type_id\": \"prepaid_card\", \"processing_mode\": \"aggregator\", \"shipping_amount\": 0, \"counter_currency\": null, \"deduction_schema\": null, \"notification_url\": null, \"date_last_updated\": \"2024-11-29T15:37:08.432-04:00\", \"marketplace_owner\": null, \"payment_method_id\": \"master\", \"authorization_code\": \"301299\", \"date_of_expiration\": null, \"external_reference\": null, \"money_release_date\": \"2024-12-17T15:37:08.432-04:00\", \"transaction_amount\": 92990, \"merchant_account_id\": null, \"transaction_details\": {\"overpaid_amount\": 0, \"total_paid_amount\": 114145.23, \"acquirer_reference\": null, \"installment_amount\": 38048.41, \"net_received_amount\": 89177.41, \"external_resource_url\": null, \"financial_institution\": null, \"payable_deferral_period\": null, \"payment_method_reference_id\": null}, \"money_release_schema\": null, \"money_release_status\": \"pending\", \"point_of_interaction\": {\"type\": \"UNSPECIFIED\", \"business_info\": {\"unit\": \"online_payments\", \"branch\": null, \"sub_unit\": \"sdk\"}}, \"statement_descriptor\": \"Mercadopago*fake\", \"call_for_authorize_id\": null, \"acquirer_reconciliation\": [], \"differential_pricing_id\": null, \"transaction_amount_refunded\": 0}','2024-11-29 19:37:08.934','2024-11-29 19:37:10.764');
/*!40000 ALTER TABLE `paymentdetails` ENABLE KEYS */;
UNLOCK TABLES;

--
-- Table structure for table `product`
--

DROP TABLE IF EXISTS `product`;
/*!40101 SET @saved_cs_client     = @@character_set_client */;
/*!50503 SET character_set_client = utf8mb4 */;
CREATE TABLE `product` (
  `id` varchar(191) CHARACTER SET utf8mb4 COLLATE utf8mb4_unicode_ci NOT NULL,
  `name` varchar(191) CHARACTER SET utf8mb4 COLLATE utf8mb4_unicode_ci NOT NULL,
  `description` varchar(191) CHARACTER SET utf8mb4 COLLATE utf8mb4_unicode_ci DEFAULT NULL,
  `price` decimal(10,2) NOT NULL,
  `imageUrl` varchar(191) CHARACTER SET utf8mb4 COLLATE utf8mb4_unicode_ci DEFAULT NULL,
  `createdAt` datetime(3) NOT NULL DEFAULT CURRENT_TIMESTAMP(3),
  `updatedAt` datetime(3) NOT NULL,
  `active` tinyint(1) NOT NULL DEFAULT '1',
  `featured` tinyint(1) NOT NULL DEFAULT '0',
  `stock` int NOT NULL DEFAULT '0',
  `categoryId` varchar(191) COLLATE utf8mb4_unicode_ci DEFAULT NULL,
  PRIMARY KEY (`id`),
  UNIQUE KEY `Product_name_key` (`name`),
  KEY `Product_categoryId_fkey` (`categoryId`),
  CONSTRAINT `Product_categoryId_fkey` FOREIGN KEY (`categoryId`) REFERENCES `category` (`id`) ON DELETE SET NULL ON UPDATE CASCADE
) ENGINE=InnoDB DEFAULT CHARSET=utf8mb4 COLLATE=utf8mb4_unicode_ci;
/*!40101 SET character_set_client = @saved_cs_client */;

--
-- Dumping data for table `product`
--

LOCK TABLES `product` WRITE;
/*!40000 ALTER TABLE `product` DISABLE KEYS */;
INSERT INTO `product` VALUES ('564675c0-9d85-11ef-a1b8-fc3497c3e354','Tablet Positivo Bgh','64gb 2ram Pnk123457',180999.00,'https://http2.mlstatic.com/D_NQ_NP_604365-MLA79753898271_102024-O.webp','2024-11-08 00:55:47.000','2024-11-28 15:16:03.888',1,0,6,'cm3zapm680009jk22lljq8l45'),('62eaa0ed-9d85-11ef-a1b8-fc3497c3e354','Auricular Foxbox Tws','Mood 6hrs Cancelación De Ruido Bt5.1 Color Negro',59619.00,'https://http2.mlstatic.com/D_NQ_NP_681755-MLA53272351652_012023-O.webp','2024-11-08 00:56:08.000','2024-11-27 23:07:47.609',1,0,8,'cm3zapy22000bjk22jb4w5ext'),('97f6057e-9d48-11ef-a1b8-fc3497c3e354','Monitor Phillips','75hz Led Negro',219000.00,'https://http2.mlstatic.com/D_NQ_NP_657002-MLA48689496628_122021-O.webp','2024-11-07 17:40:58.000','2024-11-27 14:19:48.025',1,0,0,'cm3zz2gf60003dahd6uucln88'),('b01dc704-9d86-11ef-a1b8-fc3497c3e354','Noblex N52','Dual SIM 64 GB',166961.00,'https://http2.mlstatic.com/D_NQ_NP_717274-\nMLU78166011389_082024-O.webp','2024-11-08 01:05:27.000','2024-11-28 15:20:08.526',1,0,9,'cm3zapm680009jk22lljq8l45'),('bbf10ebc-9d86-11ef-a1b8-fc3497c3e354','Motorola Moto E22','64GB Negro 4GB RAM',242000.00,'https://http2.mlstatic.com/D_NQ_NP_952396-MLU74218675320_012024-O.webp','2024-11-08 01:05:47.000','2024-11-27 14:18:12.460',1,1,10,'cm3zapm680009jk22lljq8l45'),('c1f96896-9d85-11ef-a1b8-fc3497c3e354','Tablet con funda Positivo BGH','Twist Tab T790 7\" 32GB color negro/naranja 2GB de\nmemoria RAM y 2GB de memoria RAM',104990.00,'https://http2.mlstatic.com/D_NQ_NP_920423-\nMLA54960949102_042023-O.webp','2024-11-08 00:58:48.000','2024-11-28 14:14:46.733',1,0,9,'cm3zapm680009jk22lljq8l45'),('cb112c72-9d86-11ef-a1b8-fc3497c3e354','Samsung Galaxy A04','128 GB Negro 4 GB RAM\n',301000.00,'https://http2.mlstatic.com/D_NQ_NP_990969-MLA53225323327_012023-O.webp','2024-11-08 01:06:12.000','2024-11-27 14:17:59.303',1,1,8,'cm3zapm680009jk22lljq8l45'),('cm3t504jn0008kiybhnfs8jb4','Taladro Percutor Atornillador','Eléctrico de 13mm Black+Decker HD555 550W + accesorio 220V 50Hz',54619.00,'https://http2.mlstatic.com/D_NQ_NP_741837-MLU72650778339_112023-O.webp','2024-11-22 19:31:20.195','2024-11-28 15:29:04.128',1,0,3,'cm3zanxye0003jk22i55corrw'),('d62b0590-9d86-11ef-a1b8-fc3497c3e354','Smartwatch Fox Box','Neutron 3.0 2.04',99000.00,'https://http2.mlstatic.com/D_NQ_NP_787481-MLA77657222316_072024-O.webp','2024-11-08 01:06:31.000','2024-11-28 14:46:09.261',1,1,9,'cm3zapy22000bjk22jb4w5ext'),('e3ef2e60-9d86-11ef-a1b8-fc3497c3e354','Smartwatch Fox','Neon 3.0 1.43',92990.00,'https://http2.mlstatic.com/D_NQ_NP_667893-\nMLA78069018567_072024-O.webp','2024-11-08 01:06:54.000','2024-11-29 19:51:48.555',1,1,5,'cm3zapy22000bjk22jb4w5ext');
/*!40000 ALTER TABLE `product` ENABLE KEYS */;
UNLOCK TABLES;

--
-- Table structure for table `stockmovement`
--

DROP TABLE IF EXISTS `stockmovement`;
/*!40101 SET @saved_cs_client     = @@character_set_client */;
/*!50503 SET character_set_client = utf8mb4 */;
CREATE TABLE `stockmovement` (
  `id` varchar(191) COLLATE utf8mb4_unicode_ci NOT NULL,
  `productId` varchar(191) COLLATE utf8mb4_unicode_ci NOT NULL,
  `quantity` int NOT NULL,
  `reason` varchar(191) COLLATE utf8mb4_unicode_ci NOT NULL,
  `movementType` enum('SALE','RETURN','ADJUSTMENT','RESTOCK') COLLATE utf8mb4_unicode_ci NOT NULL,
  `orderId` varchar(191) COLLATE utf8mb4_unicode_ci DEFAULT NULL,
  `createdAt` datetime(3) NOT NULL DEFAULT CURRENT_TIMESTAMP(3),
  `updatedAt` datetime(3) NOT NULL,
  PRIMARY KEY (`id`),
  KEY `StockMovement_productId_idx` (`productId`),
  KEY `StockMovement_orderId_idx` (`orderId`),
  CONSTRAINT `StockMovement_orderId_fkey` FOREIGN KEY (`orderId`) REFERENCES `orders` (`id`) ON DELETE SET NULL ON UPDATE CASCADE,
  CONSTRAINT `StockMovement_productId_fkey` FOREIGN KEY (`productId`) REFERENCES `product` (`id`) ON DELETE RESTRICT ON UPDATE CASCADE
) ENGINE=InnoDB DEFAULT CHARSET=utf8mb4 COLLATE=utf8mb4_unicode_ci;
/*!40101 SET character_set_client = @saved_cs_client */;

--
-- Dumping data for table `stockmovement`
--

LOCK TABLES `stockmovement` WRITE;
/*!40000 ALTER TABLE `stockmovement` DISABLE KEYS */;
INSERT INTO `stockmovement` VALUES ('cm3xeahfb001t6rwklf0y1u1d','cm3t504jn0008kiybhnfs8jb4',-1,'Venta - Orden cm3xeagaw001m6rwk4439f71r','SALE','cm3xeagaw001m6rwk4439f71r','2024-11-25 19:02:24.689','2024-11-25 19:02:24.689'),('cm3xg852v00296rwknbwu5grd','cm3t504jn0008kiybhnfs8jb4',-5,'Venta - Orden cm3xg842i00226rwku1z6ol7j','SALE','cm3xg842i00226rwku1z6ol7j','2024-11-25 19:56:34.608','2024-11-25 19:56:34.608'),('cm3xghgdz002l6rwkqr86s2bk','cb112c72-9d86-11ef-a1b8-fc3497c3e354',-2,'Venta - Orden cm3xghfbd002e6rwkka1o6itk','SALE','cm3xghfbd002e6rwkka1o6itk','2024-11-25 20:03:49.168','2024-11-25 20:03:49.168'),('cm3xgpvtb002x6rwknpbs87rh','e3ef2e60-9d86-11ef-a1b8-fc3497c3e354',-3,'Venta - Orden cm3xgpubw002q6rwksf3067yg','SALE','cm3xgpubw002q6rwksf3067yg','2024-11-25 20:10:22.407','2024-11-25 20:10:22.407'),('cm40hfbfn001pl6l3fpb8omu1','62eaa0ed-9d85-11ef-a1b8-fc3497c3e354',-1,'Venta - Orden cm40hfa4t001il6l30wsyu27o','SALE','cm40hfa4t001il6l30wsyu27o','2024-11-27 22:53:27.578','2024-11-27 22:53:27.578'),('cm40hxr1b002nl6l3hia3dr06','62eaa0ed-9d85-11ef-a1b8-fc3497c3e354',-1,'Venta - Orden cm40h5c24001bl6l310mo6jml','SALE','cm40h5c24001bl6l310mo6jml','2024-11-27 23:07:47.609','2024-11-27 23:07:47.609'),('cm41ec54a000cer7bq61kwkju','c1f96896-9d85-11ef-a1b8-fc3497c3e354',-1,'Venta - Orden cm41ec3rs0004er7bs9l9ro2b','SALE','cm41ec3rs0004er7bs9l9ro2b','2024-11-28 14:14:46.733','2024-11-28 14:14:46.733'),('cm41fghqm000per7btxrkcx7y','d62b0590-9d86-11ef-a1b8-fc3497c3e354',-1,'Venta - Orden cm41fgggz000her7bkxkmewfc','SALE','cm41fgggz000her7bkxkmewfc','2024-11-28 14:46:09.261','2024-11-28 14:46:09.261'),('cm41ftq0f0012er7bro5o77hz','564675c0-9d85-11ef-a1b8-fc3497c3e354',-1,'Venta - Orden cm41ftor5000uer7bm28svifb','SALE','cm41ftor5000uer7bm28svifb','2024-11-28 14:56:26.522','2024-11-28 14:56:26.522'),('cm41ftqro0016er7b8kb4jt6v','564675c0-9d85-11ef-a1b8-fc3497c3e354',-1,'Venta - Orden cm41ftor5000uer7bm28svifb','SALE','cm41ftor5000uer7bm28svifb','2024-11-28 14:56:27.581','2024-11-28 14:56:27.581'),('cm41g3vpo001her7b61agq02o','564675c0-9d85-11ef-a1b8-fc3497c3e354',-1,'Venta - Orden cm41g3um60019er7brocchc3f','SALE','cm41g3um60019er7brocchc3f','2024-11-28 15:04:20.494','2024-11-28 15:04:20.494'),('cm41giyeu001ner7bqtdaftuv','564675c0-9d85-11ef-a1b8-fc3497c3e354',-1,'Venta - Orden cm41ftor5000uer7bm28svifb','SALE','cm41ftor5000uer7bm28svifb','2024-11-28 15:16:03.888','2024-11-28 15:16:03.888'),('cm41go78j001yer7bq6j68dlt','b01dc704-9d86-11ef-a1b8-fc3497c3e354',-1,'Venta - Orden cm41go5xv001qer7bkqnz1dkm','SALE','cm41go5xv001qer7bkqnz1dkm','2024-11-28 15:20:08.526','2024-11-28 15:20:08.526'),('cm41gzohy002ber7bqjmqe0dj','cm3t504jn0008kiybhnfs8jb4',-1,'Venta - Orden cm41gzn8q0023er7bkbj56mzp','SALE','cm41gzn8q0023er7bkbj56mzp','2024-11-28 15:29:04.128','2024-11-28 15:29:04.128'),('cm435alpv000l98tz8w232lj0','e3ef2e60-9d86-11ef-a1b8-fc3497c3e354',-1,'Venta - Orden cm435akav000d98tz6svx6lax','SALE','cm435akav000d98tz6svx6lax','2024-11-29 19:37:10.764','2024-11-29 19:37:10.764'),('cm435tf14000p98tzkw45gzy2','e3ef2e60-9d86-11ef-a1b8-fc3497c3e354',-1,'Venta - Orden cm43528rm000698tz160qk04c','SALE','cm43528rm000698tz160qk04c','2024-11-29 19:51:48.555','2024-11-29 19:51:48.555');
/*!40000 ALTER TABLE `stockmovement` ENABLE KEYS */;
UNLOCK TABLES;

--
-- Table structure for table `user`
--

DROP TABLE IF EXISTS `user`;
/*!40101 SET @saved_cs_client     = @@character_set_client */;
/*!50503 SET character_set_client = utf8mb4 */;
CREATE TABLE `user` (
  `id` varchar(191) CHARACTER SET utf8mb4 COLLATE utf8mb4_unicode_ci NOT NULL,
  `email` varchar(191) CHARACTER SET utf8mb4 COLLATE utf8mb4_unicode_ci NOT NULL,
  `password` varchar(191) CHARACTER SET utf8mb4 COLLATE utf8mb4_unicode_ci NOT NULL,
  `name` varchar(191) CHARACTER SET utf8mb4 COLLATE utf8mb4_unicode_ci DEFAULT NULL,
  `createdAt` datetime(3) NOT NULL DEFAULT CURRENT_TIMESTAMP(3),
  `updatedAt` datetime(3) NOT NULL,
  `role` enum('USER','ADMIN') COLLATE utf8mb4_unicode_ci NOT NULL DEFAULT 'USER',
  PRIMARY KEY (`id`),
  UNIQUE KEY `User_email_key` (`email`)
) ENGINE=InnoDB DEFAULT CHARSET=utf8mb4 COLLATE=utf8mb4_unicode_ci;
/*!40101 SET character_set_client = @saved_cs_client */;

--
-- Dumping data for table `user`
--

LOCK TABLES `user` WRITE;
/*!40000 ALTER TABLE `user` DISABLE KEYS */;
INSERT INTO `user` VALUES ('cm36tnjpd0000r2gsn9heqmye','nachito.5@hotmail.com','$2a$10$rOgcBBpXeDyk/dLlAW5vSue9xtOzWxt8KXH1YVssPl7vywH4iM.vq','juan perez','2024-11-07 04:42:41.664','2024-11-07 04:42:41.664','USER'),('cm36u4ept0002r2gsvuhbdcno','raulgomez@hotmail.com','$2a$10$NJFATJsfCYDCO6oLaQOKv.zVH1WvbI2MJPT9sVcCUG.fclEXAs.0a','Raul Gomez','2024-11-07 04:55:48.353','2024-11-07 04:55:48.353','USER'),('cm37oh3te0000gjttb5itku7t','nombrefalso@hotmail.com','$2a$10$Po1Ybz1nLXIu5WCfRFSx6eTWxW3aMFTUv.qaRKAMru2WZXsNtQU.2','Nombre Falso','2024-11-07 19:05:29.233','2024-11-07 19:05:29.233','USER'),('cm37us7sg000088izktlvv5hl','asjdhasjkd@hotmail.com','$2a$10$Ce/ZDtbN1BKvIPEGNEO4XO0NE0sx89gHehbQuDpEXjOXxaek8jeJq','Lucia','2024-11-07 22:02:05.296','2024-11-07 22:02:05.296','USER'),('cm37vd4va000288izk8d1el1w','maria@hotmail.com','$2a$10$55wEEaQjXtKaY3qUJVRE3uQH7NiXQW/9.gRBzdURtG.YKeMOLFm.6','Maria','2024-11-07 22:18:21.287','2024-11-07 22:18:21.287','USER'),('cm37yyv1g0000qsyhq8xu8u1t','boca@hotmail.com','$2a$10$lLTjgkKQdd66.pZL45iK7.LB1P07VrWeNX7Ib9P85ojibGgE6.wcK','boca','2024-11-07 23:59:13.828','2024-11-07 23:59:13.828','USER'),('cm37z24cg0002qsyhwoqhaioa','manuel@hotmail.com','$2a$10$qXn1mC1Fkw1bL1AcWt.k6ew94q92E8vFHU.ns1UnlliACtRho8weq','Manuel','2024-11-08 00:01:45.857','2024-11-08 00:01:45.857','USER'),('cm382x5kf0000wksf9bf7c7oa','juan@hotmail.com','$2a$10$PrIfj/H9Jw8Pkd88zNbgI.UTqeWcSyO935eOtOpuUdPlS8tO3GkGK','JUan','2024-11-08 01:49:52.623','2024-11-08 01:49:52.623','USER'),('cm3845krk0000y0scgkc9st34','ibai@hotmail.com','$2a$10$MGwemAqLy1XVQjX5eGcaYuqvXIQiNjh1ZPJ9Mtc6lP2236jsfbMPi','Ibai','2024-11-08 02:24:25.184','2024-11-08 02:24:25.184','USER'),('cm386qfyh000ay0scq2c4oaoo','diego@hotmail.com','$2a$10$HWlqSzGxdzMEbk5G.KCxnuJH2gPTw4z..ca.u0olKUh4Fybkg8UwC','Diego','2024-11-08 03:36:37.961','2024-11-08 03:36:37.961','USER'),('cm3hrvfvy00027uma39bla1yu','test_user_123456@testuser.com','$2a$10$XopjMLLSUVr838ANr.2EJ.m.T96Xf7qPtLc2CSaldIIxY.n/Aq0sy','TEST-USETESTUSER1574367621R','2024-11-14 20:38:18.671','2024-11-14 20:38:18.671','USER'),('cm3s36mr3000lz9wngtidwie7','leandro@hotmail.com','$2a$10$cCLy6VUYUI2MSXlkA.t/e.se8Il7fNVsteIgKEVGece9/BajpcjH.','Leandro','2024-11-22 01:52:38.319','2024-11-22 17:48:55.723','ADMIN');
/*!40000 ALTER TABLE `user` ENABLE KEYS */;
UNLOCK TABLES;
/*!40103 SET TIME_ZONE=@OLD_TIME_ZONE */;

/*!40101 SET SQL_MODE=@OLD_SQL_MODE */;
/*!40014 SET FOREIGN_KEY_CHECKS=@OLD_FOREIGN_KEY_CHECKS */;
/*!40014 SET UNIQUE_CHECKS=@OLD_UNIQUE_CHECKS */;
/*!40101 SET CHARACTER_SET_CLIENT=@OLD_CHARACTER_SET_CLIENT */;
/*!40101 SET CHARACTER_SET_RESULTS=@OLD_CHARACTER_SET_RESULTS */;
/*!40101 SET COLLATION_CONNECTION=@OLD_COLLATION_CONNECTION */;
/*!40111 SET SQL_NOTES=@OLD_SQL_NOTES */;

-- Dump completed on 2024-11-29 20:33:23
